,knode_name,stochastic,observed,subj,node,tag,depends,hidden,subj_idx,trial,rt,response,gain,loss,sure,mean,std,2.5q,25q,50q,75q,97.5q,mc err,map
a,a,True,False,False,a,(),[],False,,,,,,,,2.701864321197116,0.1036585747531287,2.5095501314351134,2.63311579957534,2.6982204842984974,2.7676683629264454,2.913061799206626,0.0020998803781770306,2.2147261792751185
a_std,a_std,True,False,False,a_std,(),[],False,,,,,,,,0.6327078359592309,0.08252263614596353,0.49429992862370387,0.5752702102634966,0.6221581875054856,0.6796869423448499,0.8189517319710261,0.0020866318987631865,0.32464454968510775
a_rate,a_rate,False,False,False,a_rate,(),[],True,,,,,,,,,,,,,,,,21.013761899907923
a_shape,a_shape,False,False,False,a_shape,(),[],True,,,,,,,,,,,,,,,,46.53972860478012
a_subj.1,a_subj,True,False,True,a_subj.1,(),['subj_idx'],False,1,,,,,,,2.3915742653538765,0.1048160322996498,2.195725658971266,2.320435466356266,2.3893928737591774,2.4592182631493054,2.6088934179012977,0.0032131374808372602,2.049171067672481
a_subj.2,a_subj,True,False,True,a_subj.2,(),['subj_idx'],False,2,,,,,,,2.094630537607651,0.0740656443714867,1.9534404127580056,2.0437203866189915,2.0937804900156594,2.1457354503780457,2.2400937649137136,0.0018822526521249823,1.9076344200865758
a_subj.3,a_subj,True,False,True,a_subj.3,(),['subj_idx'],False,3,,,,,,,2.872647717308925,0.10248017263268909,2.6829558595138248,2.802533211018421,2.8695698299246173,2.9380976017892877,3.081517408447973,0.002318847902464424,2.3271849183696687
a_subj.4,a_subj,True,False,True,a_subj.4,(),['subj_idx'],False,4,,,,,,,2.041540294443459,0.09133592621530302,1.8752777562148073,1.9777578761040184,2.039684914759345,2.0987878326053204,2.2321343050334685,0.0023021562239863443,1.767372751730313
a_subj.5,a_subj,True,False,True,a_subj.5,(),['subj_idx'],False,5,,,,,,,2.264924822773971,0.08224877549599337,2.1062644726111985,2.2091020090695075,2.263147618911402,2.3186128317220396,2.4322556944362206,0.0020074494050737555,1.959938390809112
a_subj.6,a_subj,True,False,True,a_subj.6,(),['subj_idx'],False,6,,,,,,,2.2625017482052945,0.07222500209452029,2.12723865276781,2.2139482738467624,2.2600628968859646,2.30914993188658,2.4113688563528157,0.0016355835056418924,2.0577226902522283
a_subj.7,a_subj,True,False,True,a_subj.7,(),['subj_idx'],False,7,,,,,,,2.520197411463671,0.08977434643752191,2.3557825571857345,2.457900171323203,2.5165875233368427,2.5800585659268176,2.7059836522729603,0.002710261215817221,2.2220265606952156
a_subj.8,a_subj,True,False,True,a_subj.8,(),['subj_idx'],False,8,,,,,,,3.3627578452121787,0.14387816340748572,3.083826479953521,3.2674471547983326,3.3653701410027956,3.4577890745045154,3.64928948204617,0.003224092264770046,2.4512255378473444
a_subj.9,a_subj,True,False,True,a_subj.9,(),['subj_idx'],False,9,,,,,,,2.4777031998009953,0.0914030137354977,2.3068232296284834,2.4136045151461483,2.4743332490487613,2.5383861066702407,2.662289258299338,0.0023242378261906587,2.1254781380843535
a_subj.10,a_subj,True,False,True,a_subj.10,(),['subj_idx'],False,10,,,,,,,3.7948263777383433,0.20504965387872123,3.4221072133929504,3.6497294831541627,3.784817049941117,3.9321044074583087,4.213737024145808,0.00717823237186892,2.495873359154809
a_subj.11,a_subj,True,False,True,a_subj.11,(),['subj_idx'],False,11,,,,,,,2.4595946243123645,0.12121521941541967,2.244546788677573,2.3735180831197913,2.4519222550784505,2.5388506271705453,2.716293565943897,0.0031296358076747417,2.007011044507681
a_subj.12,a_subj,True,False,True,a_subj.12,(),['subj_idx'],False,12,,,,,,,3.0582587367624865,0.10765503120994777,2.858340727936186,2.9840501450592165,3.0543881586509434,3.12741916550669,3.281798809143619,0.0025210212747992494,2.545476518381797
a_subj.13,a_subj,True,False,True,a_subj.13,(),['subj_idx'],False,13,,,,,,,2.846862035410378,0.10537811176464228,2.647925735338195,2.7736248908027648,2.844465642500869,2.917964677212585,3.057348455402563,0.002795431239702598,2.323329710750567
a_subj.14,a_subj,True,False,True,a_subj.14,(),['subj_idx'],False,14,,,,,,,2.943101468745813,0.10532323293908145,2.7473938448121116,2.8684855841384485,2.941939402985073,3.014976433715722,3.1566366700541835,0.0031161054214706293,2.4159126187736977
a_subj.15,a_subj,True,False,True,a_subj.15,(),['subj_idx'],False,15,,,,,,,2.93835781222493,0.10439601553207589,2.749437352759204,2.8648222971177697,2.934590175782179,3.0045970643115796,3.1563045742898006,0.0027120151859548252,2.507196259579615
a_subj.16,a_subj,True,False,True,a_subj.16,(),['subj_idx'],False,16,,,,,,,4.408127947421086,0.25672188103849974,3.94083711584586,4.232941131383624,4.393159933958834,4.574032937323472,4.954843218895674,0.008412501332560638,2.784948298539162
a_subj.17,a_subj,True,False,True,a_subj.17,(),['subj_idx'],False,17,,,,,,,2.898168266059634,0.1431094171718979,2.633132820518976,2.8006831493458395,2.8930232804556866,2.991097909551506,3.195516937638202,0.00410425409185629,2.102386934537985
a_subj.18,a_subj,True,False,True,a_subj.18,(),['subj_idx'],False,18,,,,,,,3.401837237484323,0.2185001054628428,2.9965524047021788,3.2508637437203367,3.3938947842882174,3.5436620039720728,3.8496118571396254,0.00796133297243142,2.232485484945643
a_subj.19,a_subj,True,False,True,a_subj.19,(),['subj_idx'],False,19,,,,,,,2.7413860190118893,0.08723573909818842,2.5744160114358943,2.6803466441251147,2.7381115535172493,2.799861173565957,2.919835171106348,0.0018001642636667637,2.3861131115255327
a_subj.20,a_subj,True,False,True,a_subj.20,(),['subj_idx'],False,20,,,,,,,2.1561126202675363,0.07640087931712156,2.0137282409206856,2.1032586460945177,2.1527008171889968,2.206173983308482,2.310493750659281,0.002071180074493992,1.976914222993023
a_subj.21,a_subj,True,False,True,a_subj.21,(),['subj_idx'],False,21,,,,,,,4.012494179554607,0.13355656730122012,3.7631047769712063,3.921681798048784,4.008303505468499,4.100470880790394,4.28248166943373,0.0031336962018155626,3.1451123443585747
a_subj.22,a_subj,True,False,True,a_subj.22,(),['subj_idx'],False,22,,,,,,,2.337392008678801,0.11133896193371161,2.127474977805791,2.262746418674423,2.331333324746888,2.409950562381575,2.5662228364018413,0.00328608818948205,1.8895283638479166
a_subj.23,a_subj,True,False,True,a_subj.23,(),['subj_idx'],False,23,,,,,,,3.8863393003747664,0.20471794754346045,3.5104735176993755,3.741909933407521,3.880306757076032,4.012999380408206,4.322088920826537,0.006544686639810631,2.6414900387296973
a_subj.24,a_subj,True,False,True,a_subj.24,(),['subj_idx'],False,24,,,,,,,2.039173460278404,0.07728274398988326,1.894216403000355,1.9839163853592887,2.0373551063637803,2.091416949150779,2.196000885768827,0.0018549336654498261,1.7777396065057856
a_subj.25,a_subj,True,False,True,a_subj.25,(),['subj_idx'],False,25,,,,,,,3.487905947123069,0.12264271935802806,3.2522710014962604,3.4034915729864323,3.4842487775580717,3.5677704846913123,3.7355063963516133,0.0029712426961919685,2.7896709474203654
a_subj.26,a_subj,True,False,True,a_subj.26,(),['subj_idx'],False,26,,,,,,,3.489472192382623,0.12382099919301505,3.249966189409245,3.40696322666004,3.485412857842183,3.5720566107445406,3.739898318660162,0.0029855751829548035,2.8388688246947913
a_subj.27,a_subj,True,False,True,a_subj.27,(),['subj_idx'],False,27,,,,,,,2.386679287753563,0.08524406970401782,2.223907442783159,2.3282638408667835,2.3840083558331218,2.4431464804725547,2.5657486878573987,0.0018612313092644214,2.0474361344281817
a_subj.28,a_subj,True,False,True,a_subj.28,(),['subj_idx'],False,28,,,,,,,2.1795410399468556,0.07471479257274032,2.0364206514133256,2.13023458211913,2.176961381442859,2.228714405821357,2.3337747443563863,0.0015791394864423723,2.004904915449996
a_subj.29,a_subj,True,False,True,a_subj.29,(),['subj_idx'],False,29,,,,,,,2.055438852490699,0.07136477273580492,1.9200732027395522,2.0074994559191235,2.053656446477481,2.1016643891129188,2.196473714276213,0.001754534821459021,1.85946730197316
a_subj.30,a_subj,True,False,True,a_subj.30,(),['subj_idx'],False,30,,,,,,,2.465836930256199,0.09852555515279635,2.2855218643247364,2.3972351294901877,2.461340110722076,2.53133107796059,2.6686354367349074,0.002462294346939662,2.0271091136626715
a_subj.31,a_subj,True,False,True,a_subj.31,(),['subj_idx'],False,31,,,,,,,1.8558137000155885,0.06840472910031971,1.7273097825647183,1.8085720695778578,1.8538624007285072,1.9008865286347545,1.991470258749938,0.002005319052385491,1.737168998318638
a_subj.32,a_subj,True,False,True,a_subj.32,(),['subj_idx'],False,32,,,,,,,2.3794663250678822,0.0939902816457794,2.201824557846184,2.3164396926755932,2.3784933875570284,2.4408008493837383,2.572571524351663,0.0028019351113183566,2.117903468436255
a_subj.33,a_subj,True,False,True,a_subj.33,(),['subj_idx'],False,33,,,,,,,2.2476995788792262,0.0750412428070983,2.1054742862752733,2.1967655853840986,2.247558162361645,2.297894997180082,2.3949690974772246,0.0016807039190070965,2.0503369755573804
a_subj.34,a_subj,True,False,True,a_subj.34,(),['subj_idx'],False,34,,,,,,,2.219724853369653,0.08667054355514668,2.0558107154792262,2.1614948619694205,2.217569710186142,2.277174725146709,2.395515030621628,0.002243004577959377,1.9974553807756275
a_subj.35,a_subj,True,False,True,a_subj.35,(),['subj_idx'],False,35,,,,,,,2.7309774279975487,0.10395890023305501,2.5357387552123507,2.6594060940230406,2.7292825366821623,2.7999508508523174,2.9414562276899967,0.0031266775128450915,2.334756553841402
a_subj.36,a_subj,True,False,True,a_subj.36,(),['subj_idx'],False,36,,,,,,,2.730821778972064,0.09281920650853298,2.554845174234951,2.6676991848189955,2.729928044905033,2.7933057867336304,2.9154990601271105,0.0020760788452663134,2.376179509682177
a_subj.37,a_subj,True,False,True,a_subj.37,(),['subj_idx'],False,37,,,,,,,1.7342618659937772,0.05806241424169105,1.62769315772819,1.6936242359892193,1.732193872359622,1.7719646118165937,1.8554456582775458,0.0015193206480885583,1.643279397328411
a_subj.38,a_subj,True,False,True,a_subj.38,(),['subj_idx'],False,38,,,,,,,2.8469293359802608,0.11577445848006412,2.6376074144742034,2.7673609294080217,2.8393514478341473,2.920139939306041,3.0896167478993304,0.0037161877067916635,2.3870556914044765
a_subj.39,a_subj,True,False,True,a_subj.39,(),['subj_idx'],False,39,,,,,,,2.528417171671344,0.09510175846616056,2.3554971521296597,2.4625178551943474,2.525886917961681,2.590497623671133,2.7257625770324534,0.0024443655296642317,2.2017219861785153
t,t,True,False,False,t,(),[],False,,,,,,,,0.42722233157009554,0.0453543558146769,0.34955945085373485,0.39643709027824636,0.42395468617182747,0.45378300104033925,0.5271331578169193,0.001438511329994175,0.4506115347453145
t_std,t_std,True,False,False,t_std,(),[],False,,,,,,,,0.2801881369758751,0.04846572286882108,0.20507643079684684,0.2457250276864742,0.2733888861914607,0.3068899674118136,0.392166636287943,0.0016827505308607612,0.24671809836188283
t_rate,t_rate,False,False,False,t_rate,(),[],True,,,,,,,,,,,,,,,,7.402872791578763
t_shape,t_shape,False,False,False,t_shape,(),[],True,,,,,,,,,,,,,,,,3.3358198701376374
t_subj.1,t_subj,True,False,True,t_subj.1,(),['subj_idx'],False,1,,,,,,,0.3243649312418488,0.011955270673250838,0.297832926477221,0.3171283988899557,0.3254946839735653,0.33311575579595354,0.34412938376688423,0.0002991142894853899,0.33145835241738314
t_subj.2,t_subj,True,False,True,t_subj.2,(),['subj_idx'],False,2,,,,,,,0.5290821413646521,0.020902866429087185,0.48433421234668805,0.5154414521422107,0.5303180106131729,0.5442044394260127,0.566105910103282,0.0005156686723198176,0.5710095493934727
t_subj.3,t_subj,True,False,True,t_subj.3,(),['subj_idx'],False,3,,,,,,,0.509455360647157,0.020169442095417673,0.4660474593208607,0.49692303921016723,0.511433727244923,0.5234650793683159,0.5435765796512423,0.0006189043408594205,0.5362223014785514
t_subj.4,t_subj,True,False,True,t_subj.4,(),['subj_idx'],False,4,,,,,,,0.38541651937004767,0.012466452496043367,0.3578182061802204,0.3782189076696527,0.3867689919388988,0.39407617914059473,0.4062934382230607,0.0003537650453336313,0.40494279299717933
t_subj.5,t_subj,True,False,True,t_subj.5,(),['subj_idx'],False,5,,,,,,,0.4731584039627826,0.014600329172198999,0.440473281081486,0.4647397539087573,0.47469195807761433,0.4833567634986609,0.49703097300702026,0.00032015274801124624,0.5013871605559228
t_subj.6,t_subj,True,False,True,t_subj.6,(),['subj_idx'],False,6,,,,,,,0.5166822712631336,0.01481130737487445,0.4843871625048056,0.5075557728445712,0.518117766374501,0.52721158437358,0.5409712809666504,0.000312303454714191,0.5317658767007526
t_subj.7,t_subj,True,False,True,t_subj.7,(),['subj_idx'],False,7,,,,,,,0.5126285895788361,0.024524973553737194,0.4593243441997801,0.4971782073059823,0.5148537176647323,0.530144862141982,0.5540595020093602,0.0007319065573696803,0.5631209977678662
t_subj.8,t_subj,True,False,True,t_subj.8,(),['subj_idx'],False,8,,,,,,,0.3512166601840491,0.018419874085112645,0.3113099216017583,0.34036453074777606,0.35285593828312256,0.36414428894445466,0.3826237459551351,0.0004974598894228801,0.3637817813139873
t_subj.9,t_subj,True,False,True,t_subj.9,(),['subj_idx'],False,9,,,,,,,0.4392053008819848,0.026876140889906877,0.38166899119666836,0.4218067890149865,0.4413571170674867,0.45822068624997747,0.48748097843108085,0.0006551059411729835,0.5134889068800369
t_subj.10,t_subj,True,False,True,t_subj.10,(),['subj_idx'],False,10,,,,,,,0.3051815885540999,0.0228523155230747,0.25380845528346285,0.2909711147921536,0.3076652792868018,0.3214629440192622,0.34346706018364304,0.0007944871097683669,0.3395647023034004
t_subj.11,t_subj,True,False,True,t_subj.11,(),['subj_idx'],False,11,,,,,,,0.0017157537937223335,0.0011258769321041992,0.0002153326003856643,0.0008670208486895559,0.0014836345001816792,0.002320288767529579,0.004426475315994044,2.6311730419226973e-05,0.0033159881269429654
t_subj.12,t_subj,True,False,True,t_subj.12,(),['subj_idx'],False,12,,,,,,,0.3659867677977494,0.027922473006655173,0.30599794518330803,0.34852102353151726,0.3683084873466585,0.38557291506921865,0.4146014079585648,0.0008454523598454479,0.41463667831451406
t_subj.13,t_subj,True,False,True,t_subj.13,(),['subj_idx'],False,13,,,,,,,0.3447507911682133,0.022480585843660278,0.29248901625868207,0.33200780558749937,0.34726369239568156,0.3601350651495214,0.3817719192182987,0.0006006871230072947,0.38776627989177576
t_subj.14,t_subj,True,False,True,t_subj.14,(),['subj_idx'],False,14,,,,,,,0.35987908133461816,0.03734466889744658,0.282057858969602,0.3356873604081771,0.3620752764829265,0.38682533705484545,0.4245579158858928,0.0010979754971117413,0.4690371154430807
t_subj.15,t_subj,True,False,True,t_subj.15,(),['subj_idx'],False,15,,,,,,,0.4341931609356624,0.03557929910469673,0.3530828516355592,0.41259056784587733,0.43717702968567823,0.4593019587622177,0.49511093441528564,0.0009581199842393029,0.5191303722418408
t_subj.16,t_subj,True,False,True,t_subj.16,(),['subj_idx'],False,16,,,,,,,0.21989789646312052,0.029665535385250116,0.15408918189379317,0.20255566871878944,0.22263783115849076,0.24133730917699475,0.26850855213156544,0.000917768770386153,0.23372690803883828
t_subj.17,t_subj,True,False,True,t_subj.17,(),['subj_idx'],False,17,,,,,,,0.45145237798747667,0.011294327252026283,0.426796564208687,0.4447272452603363,0.4526480082487536,0.4593403838509666,0.4701174774286147,0.00027934310107122754,0.4611933680221667
t_subj.18,t_subj,True,False,True,t_subj.18,(),['subj_idx'],False,18,,,,,,,0.08310366196218522,0.02314704560715861,0.032697587617911,0.06843046429768346,0.08456754514732846,0.0997885611747551,0.12390153891667294,0.0007453821923568219,0.12555890720741167
t_subj.19,t_subj,True,False,True,t_subj.19,(),['subj_idx'],False,19,,,,,,,0.5750530306285679,0.019964896660964973,0.529920255600213,0.5628506746147535,0.5774466119442487,0.5891769795883702,0.6073888777277165,0.0004754369679363168,0.6070076885545649
t_subj.20,t_subj,True,False,True,t_subj.20,(),['subj_idx'],False,20,,,,,,,0.47866783287358283,0.019528196121376705,0.4364563719556912,0.4666825859494786,0.48002978876415936,0.4923535040092439,0.5123573401314649,0.0005060605801593756,0.5124022977613105
t_subj.21,t_subj,True,False,True,t_subj.21,(),['subj_idx'],False,21,,,,,,,0.04885455622462252,0.023349698153029882,0.009264644066421503,0.03140964126887284,0.04713609715311946,0.06449426992423943,0.09773472771186736,0.0005561096092078296,0.11149506504765587
t_subj.22,t_subj,True,False,True,t_subj.22,(),['subj_idx'],False,22,,,,,,,0.25846922019719726,0.014496746585245683,0.2266129586518336,0.24973812288070082,0.2593624607620596,0.26893250687723874,0.28345047181527094,0.00047564669137146266,0.27948226997137354
t_subj.23,t_subj,True,False,True,t_subj.23,(),['subj_idx'],False,23,,,,,,,0.40861077691406117,0.02866970385354703,0.3426786143953887,0.3920905957250309,0.41205872082789496,0.4291281219290994,0.4545344528007135,0.0006512713115876357,0.4623791976674303
t_subj.24,t_subj,True,False,True,t_subj.24,(),['subj_idx'],False,24,,,,,,,0.36774529414712415,0.012003120120193814,0.34162028202384226,0.3604463228351773,0.36876538918082963,0.37620732423715597,0.38834413965756115,0.00027490112531608507,0.3884417799941344
t_subj.25,t_subj,True,False,True,t_subj.25,(),['subj_idx'],False,25,,,,,,,0.473027230083687,0.03530568948378652,0.3966892361383407,0.44967740927390965,0.4751452713656414,0.49821888771955336,0.5355546525271352,0.0008282503613430267,0.5415620874036451
t_subj.26,t_subj,True,False,True,t_subj.26,(),['subj_idx'],False,26,,,,,,,0.27149494965812665,0.05219457907971699,0.16408623364509603,0.2366805164215568,0.27331259514950335,0.3092284975290177,0.36434327926577037,0.001254493650965065,0.43661945271722225
t_subj.27,t_subj,True,False,True,t_subj.27,(),['subj_idx'],False,27,,,,,,,0.36923793876792843,0.011959345195413907,0.3423904628903088,0.3620734469234954,0.37055713112450883,0.3778319283231535,0.388823844904518,0.00033216128508531834,0.37224575557685474
t_subj.28,t_subj,True,False,True,t_subj.28,(),['subj_idx'],False,28,,,,,,,0.529314500311525,0.011336548624070766,0.5043469146235775,0.5224069316237613,0.5304201649943663,0.5373588977730223,0.5482254174709493,0.00024052884102990457,0.5443110324631578
t_subj.29,t_subj,True,False,True,t_subj.29,(),['subj_idx'],False,29,,,,,,,0.4840742444720432,0.010419440968880124,0.46131495073278206,0.47755282629179624,0.48513514724267054,0.4914681738387099,0.5019233912181844,0.00030091716728804316,0.49253471103787294
t_subj.30,t_subj,True,False,True,t_subj.30,(),['subj_idx'],False,30,,,,,,,0.5577115508598037,0.0161709701335045,0.5211008636138584,0.5478763930001047,0.5594186474710305,0.569521314139157,0.5847197985551241,0.0005348683510626019,0.5787226564409402
t_subj.31,t_subj,True,False,True,t_subj.31,(),['subj_idx'],False,31,,,,,,,0.5709960472633996,0.01219299398437465,0.5447751932296191,0.5635737427198241,0.5718735171277405,0.5796057208510266,0.5921673444468474,0.0003055297473031728,0.5875437631768237
t_subj.32,t_subj,True,False,True,t_subj.32,(),['subj_idx'],False,32,,,,,,,0.6549228316510132,0.020361781076658363,0.6107159646796472,0.6420079121086015,0.6564814491554581,0.6690824175993754,0.6908980929633376,0.0005356694514911596,0.68311725300438
t_subj.33,t_subj,True,False,True,t_subj.33,(),['subj_idx'],False,33,,,,,,,0.5714940494649647,0.016086306984117227,0.5356956298256556,0.561625588844759,0.5730452383275323,0.5831835608329744,0.598500280360903,0.00034511564708421787,0.5897585946493629
t_subj.34,t_subj,True,False,True,t_subj.34,(),['subj_idx'],False,34,,,,,,,0.5292032395132883,0.015069112251161964,0.4951326167447724,0.520279681560474,0.5308548021094944,0.53957631821933,0.5543685630476838,0.00039335662342652436,0.5399563292625115
t_subj.35,t_subj,True,False,True,t_subj.35,(),['subj_idx'],False,35,,,,,,,0.5736873559525394,0.027585586608671053,0.5151815054899732,0.5560458200680911,0.5754694063859467,0.5931371536654428,0.6235869690329956,0.0007838003020922016,0.6224206880846619
t_subj.36,t_subj,True,False,True,t_subj.36,(),['subj_idx'],False,36,,,,,,,0.4682640105519246,0.019818124463775948,0.423618102085481,0.4561386369723004,0.4703796873508885,0.4823461987065627,0.501116236672269,0.00048429770212522267,0.49618162924950643
t_subj.37,t_subj,True,False,True,t_subj.37,(),['subj_idx'],False,37,,,,,,,0.4538740723738543,0.010920616647202718,0.42958752538914247,0.44755450703853833,0.4548348631250807,0.4614060148650778,0.47234494308531255,0.0002772503116056222,0.46754228115168467
t_subj.38,t_subj,True,False,True,t_subj.38,(),['subj_idx'],False,38,,,,,,,0.5570413808153449,0.03679575477999311,0.4784088199423623,0.5341745726156826,0.5597027057507713,0.583077701230797,0.620277960376777,0.0011344951470813943,0.6460066858917607
t_subj.39,t_subj,True,False,True,t_subj.39,(),['subj_idx'],False,39,,,,,,,0.4885257295212599,0.026203280993175895,0.43399980974888486,0.47112776576894366,0.49005238249196675,0.5078518738308756,0.5343852912373522,0.0006935725563326381,0.5547855139801819
z_trans,z_trans,True,False,False,z_trans,(),[],True,,,,,,,,,,,,,,,,-0.23503424512603446
z,z,False,False,False,z,(),[],False,,,,,,,,0.43238429620046603,0.012653307869858387,0.4074712688529123,0.4238464867747477,0.43233366095164966,0.4408774548899707,0.457612713724781,0.0002265028503538956,0.4415104434169602
z_std,z_std,True,False,False,z_std,(),[],False,,,,,,,,0.309237466304745,0.021702829674658315,0.26974289499052784,0.29396484500465364,0.3084583773448816,0.3233794176453484,0.3547359780044038,0.0004452705161657219,0.17849835938387432
z_tau,z_tau,False,False,False,z_tau,(),[],True,,,,,,,,,,,,,,,,31.385679997707086
z_subj_trans.1,z_subj_trans,True,False,True,z_subj_trans.1,(),['subj_idx'],True,1,,,,,,,,,,,,,,,0.07175803712661712
z_subj_trans.2,z_subj_trans,True,False,True,z_subj_trans.2,(),['subj_idx'],True,2,,,,,,,,,,,,,,,-0.12427828878373164
z_subj_trans.3,z_subj_trans,True,False,True,z_subj_trans.3,(),['subj_idx'],True,3,,,,,,,,,,,,,,,-0.5370584173097344
z_subj_trans.4,z_subj_trans,True,False,True,z_subj_trans.4,(),['subj_idx'],True,4,,,,,,,,,,,,,,,-0.2753617066869915
z_subj_trans.5,z_subj_trans,True,False,True,z_subj_trans.5,(),['subj_idx'],True,5,,,,,,,,,,,,,,,-0.17510558898633102
z_subj_trans.6,z_subj_trans,True,False,True,z_subj_trans.6,(),['subj_idx'],True,6,,,,,,,,,,,,,,,-0.015509399306853078
z_subj_trans.7,z_subj_trans,True,False,True,z_subj_trans.7,(),['subj_idx'],True,7,,,,,,,,,,,,,,,-0.1901959117240405
z_subj_trans.8,z_subj_trans,True,False,True,z_subj_trans.8,(),['subj_idx'],True,8,,,,,,,,,,,,,,,-0.6200350536076678
z_subj_trans.9,z_subj_trans,True,False,True,z_subj_trans.9,(),['subj_idx'],True,9,,,,,,,,,,,,,,,-0.14988807930937864
z_subj_trans.10,z_subj_trans,True,False,True,z_subj_trans.10,(),['subj_idx'],True,10,,,,,,,,,,,,,,,-0.47251698061505265
z_subj_trans.11,z_subj_trans,True,False,True,z_subj_trans.11,(),['subj_idx'],True,11,,,,,,,,,,,,,,,-0.18060134233565775
z_subj_trans.12,z_subj_trans,True,False,True,z_subj_trans.12,(),['subj_idx'],True,12,,,,,,,,,,,,,,,-0.3253690699939069
z_subj_trans.13,z_subj_trans,True,False,True,z_subj_trans.13,(),['subj_idx'],True,13,,,,,,,,,,,,,,,-0.29214957197544966
z_subj_trans.14,z_subj_trans,True,False,True,z_subj_trans.14,(),['subj_idx'],True,14,,,,,,,,,,,,,,,-0.33154457392760806
z_subj_trans.15,z_subj_trans,True,False,True,z_subj_trans.15,(),['subj_idx'],True,15,,,,,,,,,,,,,,,-0.2639462373798149
z_subj_trans.16,z_subj_trans,True,False,True,z_subj_trans.16,(),['subj_idx'],True,16,,,,,,,,,,,,,,,-0.5603775928294331
z_subj_trans.17,z_subj_trans,True,False,True,z_subj_trans.17,(),['subj_idx'],True,17,,,,,,,,,,,,,,,-0.5085420995587699
z_subj_trans.18,z_subj_trans,True,False,True,z_subj_trans.18,(),['subj_idx'],True,18,,,,,,,,,,,,,,,-0.446045287060439
z_subj_trans.19,z_subj_trans,True,False,True,z_subj_trans.19,(),['subj_idx'],True,19,,,,,,,,,,,,,,,-0.3155588969831399
z_subj_trans.20,z_subj_trans,True,False,True,z_subj_trans.20,(),['subj_idx'],True,20,,,,,,,,,,,,,,,-0.046471715474049415
z_subj_trans.21,z_subj_trans,True,False,True,z_subj_trans.21,(),['subj_idx'],True,21,,,,,,,,,,,,,,,-0.3059378672279633
z_subj_trans.22,z_subj_trans,True,False,True,z_subj_trans.22,(),['subj_idx'],True,22,,,,,,,,,,,,,,,-0.3094061408021394
z_subj_trans.23,z_subj_trans,True,False,True,z_subj_trans.23,(),['subj_idx'],True,23,,,,,,,,,,,,,,,-0.21785016431760545
z_subj_trans.24,z_subj_trans,True,False,True,z_subj_trans.24,(),['subj_idx'],True,24,,,,,,,,,,,,,,,-0.18421125362796678
z_subj_trans.25,z_subj_trans,True,False,True,z_subj_trans.25,(),['subj_idx'],True,25,,,,,,,,,,,,,,,-0.389514916067547
z_subj_trans.26,z_subj_trans,True,False,True,z_subj_trans.26,(),['subj_idx'],True,26,,,,,,,,,,,,,,,-0.1318713878087351
z_subj_trans.27,z_subj_trans,True,False,True,z_subj_trans.27,(),['subj_idx'],True,27,,,,,,,,,,,,,,,-0.5867002987437625
z_subj_trans.28,z_subj_trans,True,False,True,z_subj_trans.28,(),['subj_idx'],True,28,,,,,,,,,,,,,,,-0.21946863441079204
z_subj_trans.29,z_subj_trans,True,False,True,z_subj_trans.29,(),['subj_idx'],True,29,,,,,,,,,,,,,,,-0.45639339354310016
z_subj_trans.30,z_subj_trans,True,False,True,z_subj_trans.30,(),['subj_idx'],True,30,,,,,,,,,,,,,,,-0.42668428378683765
z_subj_trans.31,z_subj_trans,True,False,True,z_subj_trans.31,(),['subj_idx'],True,31,,,,,,,,,,,,,,,-0.021652944465278625
z_subj_trans.32,z_subj_trans,True,False,True,z_subj_trans.32,(),['subj_idx'],True,32,,,,,,,,,,,,,,,0.1436311386800743
z_subj_trans.33,z_subj_trans,True,False,True,z_subj_trans.33,(),['subj_idx'],True,33,,,,,,,,,,,,,,,0.026959009263490954
z_subj_trans.34,z_subj_trans,True,False,True,z_subj_trans.34,(),['subj_idx'],True,34,,,,,,,,,,,,,,,0.09406471284425151
z_subj_trans.35,z_subj_trans,True,False,True,z_subj_trans.35,(),['subj_idx'],True,35,,,,,,,,,,,,,,,0.13282777859608133
z_subj_trans.36,z_subj_trans,True,False,True,z_subj_trans.36,(),['subj_idx'],True,36,,,,,,,,,,,,,,,-0.3555369679942138
z_subj_trans.37,z_subj_trans,True,False,True,z_subj_trans.37,(),['subj_idx'],True,37,,,,,,,,,,,,,,,-0.23717839646622585
z_subj_trans.38,z_subj_trans,True,False,True,z_subj_trans.38,(),['subj_idx'],True,38,,,,,,,,,,,,,,,0.05226317946564534
z_subj_trans.39,z_subj_trans,True,False,True,z_subj_trans.39,(),['subj_idx'],True,39,,,,,,,,,,,,,,,-0.04483155772916532
z_subj.1,z_subj,False,False,True,z_subj.1,(),['subj_idx'],False,1,,,,,,,0.5917240788819719,0.026070315322119102,0.5397724380468528,0.574080368758054,0.5923429151374713,0.6085652554366884,0.643057164567672,0.0008891445459880938,0.517931815376197
z_subj.2,z_subj,False,False,True,z_subj.2,(),['subj_idx'],False,2,,,,,,,0.48955279355730774,0.02118344575299015,0.45001448379086206,0.47515277789210214,0.4892947268272257,0.5030771623452506,0.5314519090397292,0.00048178829138091427,0.46897035550599314
z_subj.3,z_subj,False,False,True,z_subj.3,(),['subj_idx'],False,3,,,,,,,0.3217235219533194,0.021817615971371888,0.2809143089083388,0.3072359500483407,0.32077479488202226,0.33582840632825983,0.36736565168171925,0.0007203602101015626,0.36887213430101723
z_subj.4,z_subj,False,False,True,z_subj.4,(),['subj_idx'],False,4,,,,,,,0.43047086696525294,0.02892714981593546,0.37623975991091835,0.41028028951985707,0.42983009594706945,0.45038784689807954,0.4862415985385097,0.0009262340630717825,0.4315912803532193
z_subj.5,z_subj,False,False,True,z_subj.5,(),['subj_idx'],False,5,,,,,,,0.5051345459864948,0.024975777969905417,0.4574928063948731,0.4878268612490023,0.5045313820707514,0.5223468782895762,0.5538548014304877,0.000621598769961689,0.4563351167138727
z_subj.6,z_subj,False,False,True,z_subj.6,(),['subj_idx'],False,6,,,,,,,0.5563638306987898,0.022524296838523687,0.5135409932639226,0.5412499587055386,0.5563022213510699,0.5720154713439093,0.6003000087394118,0.0006197383358043274,0.49612272789336853
z_subj.7,z_subj,False,False,True,z_subj.7,(),['subj_idx'],False,7,,,,,,,0.47480875569910325,0.021811712075888723,0.4327648063364604,0.4601243864031485,0.474450799868801,0.48935855108798687,0.518940969295082,0.00047559103975432,0.45259384375623096
z_subj.8,z_subj,False,False,True,z_subj.8,(),['subj_idx'],False,8,,,,,,,0.2611093600297763,0.01905972149499865,0.22565070757502542,0.24807519190942565,0.2601851331643549,0.2734897174607484,0.30070108063357176,0.0006046619773029828,0.34977347907235845
z_subj.9,z_subj,False,False,True,z_subj.9,(),['subj_idx'],False,9,,,,,,,0.4986588855044661,0.020977586009781633,0.4585547027482583,0.484090321540482,0.4984241281845917,0.5128177476655031,0.5405742797010679,0.0005107266696202388,0.46259797814529396
z_subj.10,z_subj,False,False,True,z_subj.10,(),['subj_idx'],False,10,,,,,,,0.29082538989555745,0.024341490813428148,0.24539631580932297,0.2740220499872376,0.29050650228411057,0.30632966766491687,0.34228742897315256,0.0010498171325731983,0.3840206813298898
z_subj.11,z_subj,False,False,True,z_subj.11,(),['subj_idx'],False,11,,,,,,,0.44067946637459715,0.02662298196294506,0.38790482593504033,0.4223080497214475,0.44113117080950237,0.4583415810231387,0.49336482149597133,0.0007645601096649065,0.4549719872440039
z_subj.12,z_subj,False,False,True,z_subj.12,(),['subj_idx'],False,12,,,,,,,0.38732839230627747,0.022957022989993622,0.3437470439037886,0.3713967472026691,0.38661561520297133,0.40293374157298545,0.4320998848377696,0.0007201423385033779,0.4193678245336083
z_subj.13,z_subj,False,False,True,z_subj.13,(),['subj_idx'],False,13,,,,,,,0.42162644321111703,0.024610657957337776,0.3761113216088939,0.4041760142055907,0.42130807810583865,0.4385731202336551,0.47064911614915994,0.0006651248718296217,0.42747769789176915
z_subj.14,z_subj,False,False,True,z_subj.14,(),['subj_idx'],False,14,,,,,,,0.4257721871358676,0.021535943431587844,0.38393859575097916,0.4115763776913333,0.4256786319241451,0.4398812090865756,0.46862923658016276,0.0005195241307007933,0.41786485205685864
z_subj.15,z_subj,False,False,True,z_subj.15,(),['subj_idx'],False,15,,,,,,,0.44513233226398624,0.020955186204302406,0.4037808189580366,0.43101380847090764,0.4455627971013725,0.4590420666265048,0.4870917831058576,0.0005010322994450982,0.4343938842724212
z_subj.16,z_subj,False,False,True,z_subj.16,(),['subj_idx'],False,16,,,,,,,0.23017200922999553,0.022289498789323823,0.18921265630182404,0.2145106781638511,0.22907005402624872,0.24478533854596,0.2765088096531558,0.0008287846897809474,0.3634600965259349
z_subj.17,z_subj,False,False,True,z_subj.17,(),['subj_idx'],False,17,,,,,,,0.28823039666765543,0.021478503433063362,0.24722865199634936,0.2735023926616012,0.2878650387870234,0.3025271450642464,0.3312596533427359,0.0007095364449910755,0.37553535356503787
z_subj.18,z_subj,False,False,True,z_subj.18,(),['subj_idx'],False,18,,,,,,,0.3022528151250109,0.027345080684383953,0.2523138215923219,0.2829413314119586,0.301038973750322,0.32069289386961436,0.3573540187128095,0.0011775500932148346,0.39030144485066864
z_subj.19,z_subj,False,False,True,z_subj.19,(),['subj_idx'],False,19,,,,,,,0.4091702869501313,0.022084057949535045,0.36618826163520285,0.3945002013245954,0.40854831694075977,0.424117954968203,0.45258638225780445,0.0006318883023579631,0.42175845833418313
z_subj.20,z_subj,False,False,True,z_subj.20,(),['subj_idx'],False,20,,,,,,,0.5193721973354497,0.021231010676869746,0.47783097633892696,0.5048509072412478,0.5198698987875507,0.5337566762883614,0.5606942571355853,0.0004874626996087925,0.48838416153966363
z_subj.21,z_subj,False,False,True,z_subj.21,(),['subj_idx'],False,21,,,,,,,0.3822957765369297,0.021615735320600567,0.3411736191104551,0.3675504001643298,0.3819133719995732,0.39741587870626555,0.4251642959361002,0.0006080498133748512,0.42410656780162087
z_subj.22,z_subj,False,False,True,z_subj.22,(),['subj_idx'],False,22,,,,,,,0.38137203135057984,0.0280320586517751,0.32951346736810755,0.3628095781721767,0.3816302614608428,0.3995130845773638,0.4379163241726188,0.0011002368530495014,0.42325969977629396
z_subj.23,z_subj,False,False,True,z_subj.23,(),['subj_idx'],False,23,,,,,,,0.37292108545807595,0.027918581901098683,0.31971304019129615,0.3537263332586128,0.37228740993668463,0.3910569257201851,0.42830357426830507,0.0008883265941111688,0.44575183500022364
z_subj.24,z_subj,False,False,True,z_subj.24,(),['subj_idx'],False,24,,,,,,,0.4713523082435954,0.023378430717618536,0.426873253692978,0.4552523891481271,0.47115290977701024,0.48707759876507745,0.5188206545966418,0.0005655971387004317,0.4540769750488549
z_subj.25,z_subj,False,False,True,z_subj.25,(),['subj_idx'],False,25,,,,,,,0.36125072168567546,0.022830564768717407,0.3177301592670079,0.34584116714300034,0.360861951571642,0.3765249701240353,0.40774701717269574,0.000673461706608622,0.40383408023644274
z_subj.26,z_subj,False,False,True,z_subj.26,(),['subj_idx'],False,26,,,,,,,0.4909271154677484,0.020587442445569485,0.4512033686785036,0.47711563472623714,0.4907174451045083,0.5047532249991719,0.5318058173245197,0.0004608971039272002,0.46707984618860443
z_subj.27,z_subj,False,False,True,z_subj.27,(),['subj_idx'],False,27,,,,,,,0.295688825398159,0.020332517969016767,0.25600217443660395,0.28218293347576495,0.2948583073450234,0.30972444166503055,0.33696996669791746,0.000575271332661857,0.3573923166348936
z_subj.28,z_subj,False,False,True,z_subj.28,(),['subj_idx'],False,28,,,,,,,0.4503457341222332,0.02308238138832698,0.40502545053409844,0.43430705368853817,0.4505765690403285,0.46601924940877015,0.49617417751869364,0.0006179036009163942,0.44535201560436943
z_subj.29,z_subj,False,False,True,z_subj.29,(),['subj_idx'],False,29,,,,,,,0.35844595091347103,0.02260407796957242,0.3159490678023574,0.3427854906941018,0.35798379932339636,0.3736239821599527,0.40282702989182073,0.0006853832852502081,0.3878417591108408
z_subj.30,z_subj,False,False,True,z_subj.30,(),['subj_idx'],False,30,,,,,,,0.35330846202363886,0.025063825518258868,0.30728147189830574,0.33609761510169756,0.35196455901186896,0.36995219031732673,0.40622400724105895,0.0008845297246315963,0.39491837130128704
z_subj.31,z_subj,False,False,True,z_subj.31,(),['subj_idx'],False,31,,,,,,,0.5351455081587043,0.02149109274072868,0.4935746950310736,0.5203276122972722,0.5352393330287054,0.550068916623452,0.5759070918149289,0.00046621446785702293,0.4945869753734125
z_subj.32,z_subj,False,False,True,z_subj.32,(),['subj_idx'],False,32,,,,,,,0.5887843763205435,0.021435072143738642,0.5452621672876425,0.5746236389557704,0.5887095780633462,0.6033599635186069,0.6298434799273142,0.0005087128108472686,0.53584618057634
z_subj.33,z_subj,False,False,True,z_subj.33,(),['subj_idx'],False,33,,,,,,,0.5567318878501548,0.021848889941158543,0.5128442010742396,0.5423049669818654,0.5569456256644753,0.5713737308502455,0.5985334732538624,0.0004708704702490226,0.5067393441478443
z_subj.34,z_subj,False,False,True,z_subj.34,(),['subj_idx'],False,34,,,,,,,0.5833609392538281,0.023816990949414613,0.53526223894865,0.567818932802955,0.5838547032173783,0.5993229832450198,0.6288849457763207,0.0006962601891234716,0.5234988539440975
z_subj.35,z_subj,False,False,True,z_subj.35,(),['subj_idx'],False,35,,,,,,,0.5907022347743291,0.020073970431378686,0.5514476078444979,0.5771108191436504,0.5905847616984169,0.6042729297828183,0.6296526685512154,0.0005447343211912956,0.533158207519447
z_subj.36,z_subj,False,False,True,z_subj.36,(),['subj_idx'],False,36,,,,,,,0.37986742522412964,0.021544995822699826,0.33955166711693296,0.36513432068513496,0.37955873681026614,0.3937053226019304,0.42329295884174895,0.0005551408225655406,0.41204036784354464
z_subj.37,z_subj,False,False,True,z_subj.37,(),['subj_idx'],False,37,,,,,,,0.447305012993795,0.021763353783736613,0.4054539388922312,0.43272468172225487,0.44685403922015365,0.4616484954114118,0.4905402878056447,0.00047390386670520117,0.4409818072832049
z_subj.38,z_subj,False,False,True,z_subj.38,(),['subj_idx'],False,38,,,,,,,0.5475697048014203,0.021532671089931565,0.505930771109485,0.5330460305835429,0.5475883156966119,0.562510924095158,0.5890037145475395,0.000519521837545843,0.513062821642378
z_subj.39,z_subj,False,False,True,z_subj.39,(),['subj_idx'],False,39,,,,,,,0.52619770428026,0.020489321830779842,0.48561184383402956,0.5123177871148725,0.5261578929797206,0.5399227834159707,0.5663314416204086,0.0004419057252986917,0.48879398738921714
v_Intercept,v_Intercept,True,False,False,v_Intercept,(),[],False,,,,,,,,-0.17879718054539256,0.09569694238768753,-0.3683267973744845,-0.24170996446675458,-0.18017260800517695,-0.11788601748714617,0.01288918352995555,0.0022011043667167795,1.3460651242830204
v_Intercept_std,v_Intercept_std,True,False,False,v_Intercept_std,(),[],False,,,,,,,,0.5554031689287042,0.07276212601721649,0.4333750704689331,0.5025814086797402,0.5489952960414768,0.6015959767785484,0.7131782244274779,0.0017566338734368865,0.21156422495978128
v_Intercept_tau,v_Intercept_tau,False,False,False,v_Intercept_tau,(),[],True,,,,,,,,,,,,,,,,22.341665091714237
v_Intercept_subj.1,v_Intercept_subj,True,False,True,v_Intercept_subj.1,(),['subj_idx'],False,1,,,,,,,1.1058061652455775,0.1856020338519141,0.7329686726219815,0.978975121327412,1.1081179128628336,1.2350126323483805,1.463145486755422,0.008908186024309941,1.834603004435654
v_Intercept_subj.2,v_Intercept_subj,True,False,True,v_Intercept_subj.2,(),['subj_idx'],False,2,,,,,,,0.05558876556084403,0.15345310072914992,-0.24160369788021746,-0.05191648457885535,0.05501277532422004,0.1600355924184566,0.35533691952467755,0.007758842267766543,1.512026325481484
v_Intercept_subj.3,v_Intercept_subj,True,False,True,v_Intercept_subj.3,(),['subj_idx'],False,3,,,,,,,-0.4009175264034127,0.13884561846701052,-0.6821601974568331,-0.49144396064172496,-0.395149211620684,-0.30407944888057836,-0.13986990195041854,0.006751510535733804,1.25768640952479
v_Intercept_subj.4,v_Intercept_subj,True,False,True,v_Intercept_subj.4,(),['subj_idx'],False,4,,,,,,,-0.7848251826622853,0.1833471259797613,-1.1327120290213164,-0.9112473598318429,-0.7896028729015615,-0.6647868111237528,-0.4101940812543062,0.007278132254673282,1.46447538613306
v_Intercept_subj.5,v_Intercept_subj,True,False,True,v_Intercept_subj.5,(),['subj_idx'],False,5,,,,,,,-0.8866090565990657,0.17113896925921865,-1.2412420967478353,-0.9988611510457504,-0.884104385354575,-0.7628251305842504,-0.5731828000716355,0.007565195192672974,1.3287321537700267
v_Intercept_subj.6,v_Intercept_subj,True,False,True,v_Intercept_subj.6,(),['subj_idx'],False,6,,,,,,,-0.17231889423809482,0.1591636778584269,-0.4903717330728891,-0.2763891019777116,-0.17357689290444883,-0.06481848372228911,0.1344190294949702,0.007355667488391925,1.4598544016913835
v_Intercept_subj.7,v_Intercept_subj,True,False,True,v_Intercept_subj.7,(),['subj_idx'],False,7,,,,,,,0.1053847953239694,0.14427147202131974,-0.18715138376540613,0.011921276191788815,0.10955349740463874,0.20425548001925348,0.37728730055598647,0.006542847736874571,1.39198314409094
v_Intercept_subj.8,v_Intercept_subj,True,False,True,v_Intercept_subj.8,(),['subj_idx'],False,8,,,,,,,-0.6374873920928491,0.13342326610585772,-0.8886533306630423,-0.729712366353586,-0.6397879911688495,-0.5474010751828645,-0.36903054098344645,0.0060693516114386685,1.1150799127896802
v_Intercept_subj.9,v_Intercept_subj,True,False,True,v_Intercept_subj.9,(),['subj_idx'],False,9,,,,,,,-0.22350693498167548,0.1442493617129955,-0.5098891082070135,-0.317097158259176,-0.22462809983043355,-0.12320575445617249,0.052943147790724274,0.006549815674262528,1.331246384584118
v_Intercept_subj.10,v_Intercept_subj,True,False,True,v_Intercept_subj.10,(),['subj_idx'],False,10,,,,,,,-0.8985895221802613,0.13880142539767762,-1.184834163789126,-0.9904450350904888,-0.8976233997915696,-0.8047718831938456,-0.6247903843786358,0.007833570081005967,1.0072499758907196
v_Intercept_subj.11,v_Intercept_subj,True,False,True,v_Intercept_subj.11,(),['subj_idx'],False,11,,,,,,,-1.0065716140759522,0.16382801725359789,-1.336950330761064,-1.1208290485612722,-1.0043218241019596,-0.8912582415712083,-0.6968559274220987,0.006927775977348024,1.2519455204060381
v_Intercept_subj.12,v_Intercept_subj,True,False,True,v_Intercept_subj.12,(),['subj_idx'],False,12,,,,,,,0.05792081112932131,0.11213437749682258,-0.15412071443520284,-0.017947176795239828,0.055646524481785045,0.13316171948719333,0.28148492516932666,0.004804564306279386,1.1921762967163103
v_Intercept_subj.13,v_Intercept_subj,True,False,True,v_Intercept_subj.13,(),['subj_idx'],False,13,,,,,,,-0.6305740350088699,0.13161843455481184,-0.8918458747187035,-0.7174564718834558,-0.626936661619976,-0.5417968558533113,-0.3753411554041212,0.0057667140064752865,1.144758576766497
v_Intercept_subj.14,v_Intercept_subj,True,False,True,v_Intercept_subj.14,(),['subj_idx'],False,14,,,,,,,-0.31147102329292203,0.1327557465215266,-0.5558843412425744,-0.4013510710862245,-0.31842319421885645,-0.22393317484041098,-0.041225889120217046,0.00684215278922169,1.1877760151078545
v_Intercept_subj.15,v_Intercept_subj,True,False,True,v_Intercept_subj.15,(),['subj_idx'],False,15,,,,,,,0.12476031938445589,0.11903897295575049,-0.10544112260578545,0.04659437988139008,0.12281870563770794,0.20477180536021103,0.36270930142927205,0.005540537952053548,1.3129096401495157
v_Intercept_subj.16,v_Intercept_subj,True,False,True,v_Intercept_subj.16,(),['subj_idx'],False,16,,,,,,,-0.46896520478728226,0.10684201056362246,-0.6776952830891313,-0.5396879455232313,-0.46765012347380475,-0.396415018602548,-0.26248283798151384,0.00532052019331543,0.893078797804857
v_Intercept_subj.17,v_Intercept_subj,True,False,True,v_Intercept_subj.17,(),['subj_idx'],False,17,,,,,,,-0.7950075951641609,0.1619825314997502,-1.1210657015849086,-0.9013631748595805,-0.7934332344887264,-0.6874982917653227,-0.48020228434139944,0.006875686719834855,1.209133006115812
v_Intercept_subj.18,v_Intercept_subj,True,False,True,v_Intercept_subj.18,(),['subj_idx'],False,18,,,,,,,-0.97211763653472,0.14791336637564714,-1.2645070200404407,-1.0739907709968475,-0.9685028693145072,-0.872688967163262,-0.6821850551067701,0.007253893925529735,1.1248481602615719
v_Intercept_subj.19,v_Intercept_subj,True,False,True,v_Intercept_subj.19,(),['subj_idx'],False,19,,,,,,,0.05818085840475846,0.12954860298494852,-0.1956731762559626,-0.03223746231229638,0.06119278198898588,0.1485770534205121,0.3112682874779737,0.0060337375906279215,1.3150953285185765
v_Intercept_subj.20,v_Intercept_subj,True,False,True,v_Intercept_subj.20,(),['subj_idx'],False,20,,,,,,,0.2370240807774253,0.16154289636929944,-0.07298875076389463,0.1253203330987357,0.23583689533981797,0.3481140816157063,0.5631951478041124,0.0068903994645720164,1.6090416313785387
v_Intercept_subj.21,v_Intercept_subj,True,False,True,v_Intercept_subj.21,(),['subj_idx'],False,21,,,,,,,0.06590583755179626,0.09804515088943391,-0.12285018495864747,-0.0020159082736427997,0.06498759803029071,0.1320203601050936,0.26476054164988866,0.004801914097500781,0.9815701214912447
v_Intercept_subj.22,v_Intercept_subj,True,False,True,v_Intercept_subj.22,(),['subj_idx'],False,22,,,,,,,-0.7059432053449373,0.17503522507166708,-1.044696541414988,-0.8246001254829876,-0.7069781579837168,-0.5856216284530744,-0.3592465206980251,0.00912582490948486,1.4272678358946476
v_Intercept_subj.23,v_Intercept_subj,True,False,True,v_Intercept_subj.23,(),['subj_idx'],False,23,,,,,,,-0.713744984560487,0.12644783054999947,-0.9750991323578783,-0.798525742858518,-0.7094432579762188,-0.6287466071203563,-0.47014837472503124,0.005746094284949591,1.001770429932861
v_Intercept_subj.24,v_Intercept_subj,True,False,True,v_Intercept_subj.24,(),['subj_idx'],False,24,,,,,,,-1.1193684481955242,0.18540933112314378,-1.4914276003596691,-1.238382163252628,-1.122533926865729,-0.9927337403363448,-0.7630770681570931,0.007313524999609346,1.330077887721871
v_Intercept_subj.25,v_Intercept_subj,True,False,True,v_Intercept_subj.25,(),['subj_idx'],False,25,,,,,,,0.1076288703985038,0.11076465617018806,-0.1031050087006623,0.032132320354746974,0.10606371677476767,0.18284492231249164,0.32497530765443516,0.004605850778019664,1.170174928104352
v_Intercept_subj.26,v_Intercept_subj,True,False,True,v_Intercept_subj.26,(),['subj_idx'],False,26,,,,,,,-0.007794700374961892,0.10545239136160561,-0.21944050326251452,-0.07904643336990899,-0.004589886993500186,0.06611864273277215,0.1868540291172553,0.004913344674392561,1.100140348878099
v_Intercept_subj.27,v_Intercept_subj,True,False,True,v_Intercept_subj.27,(),['subj_idx'],False,27,,,,,,,-0.2997407795224528,0.1538389624892504,-0.592316233361704,-0.40512755920045285,-0.2992425861960856,-0.19476942843501685,0.005894660816628983,0.00623111854006941,1.3458222232135635
v_Intercept_subj.28,v_Intercept_subj,True,False,True,v_Intercept_subj.28,(),['subj_idx'],False,28,,,,,,,0.27530234247091506,0.16559621731859805,-0.04163603794881027,0.15943945959374445,0.2771474691778701,0.39067952140560464,0.5969233383536269,0.007118938750223115,1.5594630783482792
v_Intercept_subj.29,v_Intercept_subj,True,False,True,v_Intercept_subj.29,(),['subj_idx'],False,29,,,,,,,-0.11839852592865938,0.17345397408182467,-0.4539588949503506,-0.23649041178701982,-0.11750362150036382,0.0010186934450958085,0.21849512216161374,0.007455643812223987,1.5027798510641541
v_Intercept_subj.30,v_Intercept_subj,True,False,True,v_Intercept_subj.30,(),['subj_idx'],False,30,,,,,,,-0.6231217093254975,0.15768807321251035,-0.9331616205614783,-0.7311367323917097,-0.6231234899047522,-0.5170828131473691,-0.3195412511983363,0.006866177989328237,1.3019340607163457
v_Intercept_subj.31,v_Intercept_subj,True,False,True,v_Intercept_subj.31,(),['subj_idx'],False,31,,,,,,,0.1855174369599066,0.17079295194282001,-0.15374752591517132,0.07129193929935132,0.1874667970055921,0.2985388189212217,0.5104214839567991,0.007111183309040686,1.6094042395409984
v_Intercept_subj.32,v_Intercept_subj,True,False,True,v_Intercept_subj.32,(),['subj_idx'],False,32,,,,,,,0.4517434371282884,0.1513489224949726,0.153371089117406,0.3467175906726686,0.45374096492755234,0.5534157213699085,0.7463424415016401,0.006615792307712372,1.5871303698264394
v_Intercept_subj.33,v_Intercept_subj,True,False,True,v_Intercept_subj.33,(),['subj_idx'],False,33,,,,,,,0.16235011352384435,0.16212957146023543,-0.15852307118216097,0.05501768177673312,0.16776700350200896,0.26778044199177464,0.47651939750020306,0.007136874954376595,1.5610591889211025
v_Intercept_subj.34,v_Intercept_subj,True,False,True,v_Intercept_subj.34,(),['subj_idx'],False,34,,,,,,,0.5739117450651433,0.18192878397717252,0.21807030487907986,0.451803255177686,0.5772495395057695,0.6960103663218615,0.9379395661317418,0.008721789951352034,1.6982989982909702
v_Intercept_subj.35,v_Intercept_subj,True,False,True,v_Intercept_subj.35,(),['subj_idx'],False,35,,,,,,,0.24515612444879015,0.12435139896895067,-0.004116177354776984,0.16313466659173373,0.24547197562933068,0.32851554791215176,0.48728005068706814,0.0050366587200711055,1.374928442445475
v_Intercept_subj.36,v_Intercept_subj,True,False,True,v_Intercept_subj.36,(),['subj_idx'],False,36,,,,,,,0.45991561194288477,0.1291699957279075,0.20260305996557487,0.37274235472400197,0.46191305738250127,0.5508606451616662,0.6979879127605233,0.005681854308307426,1.4438116157325
v_Intercept_subj.37,v_Intercept_subj,True,False,True,v_Intercept_subj.37,(),['subj_idx'],False,37,,,,,,,-0.2739500935322327,0.18317675823635138,-0.6377376114093618,-0.39740335466802723,-0.27546185208323054,-0.14766021743324373,0.07837221474740391,0.008693834552885162,1.5893990965590516
v_Intercept_subj.38,v_Intercept_subj,True,False,True,v_Intercept_subj.38,(),['subj_idx'],False,38,,,,,,,0.3584913829235523,0.1267774447337099,0.10724138964936616,0.27575317853348935,0.3591371064429035,0.4461621699781751,0.605336270459373,0.005671130121597697,1.427669596880265
v_Intercept_subj.39,v_Intercept_subj,True,False,True,v_Intercept_subj.39,(),['subj_idx'],False,39,,,,,,,0.3054850461408602,0.15172248718312908,-0.004695393986088273,0.2023908604273434,0.30687840217286744,0.40703350868978394,0.6013027157842927,0.007130506859902043,1.5368853009021264
v_gain,v_gain,True,False,False,v_gain,(),[],False,,,,,,,,0.11142555324967832,0.008948204160087705,0.09357345137489984,0.10545026473060382,0.11138693718191872,0.11729025449684746,0.12895556906654626,0.00026435556804706964,-0.07265557701407827
v_gain_std,v_gain_std,True,False,False,v_gain_std,(),[],False,,,,,,,,0.04979539336029421,0.007463914109244628,0.03689304218946464,0.044630833456941715,0.04924829541677345,0.0543686581317167,0.06594388072148472,0.00030197374959804025,0.07611609450728071
v_gain_tau,v_gain_tau,False,False,False,v_gain_tau,(),[],True,,,,,,,,,,,,,,,,172.60247012966954
v_gain_subj.1,v_gain_subj,True,False,True,v_gain_subj.1,(),['subj_idx'],False,1,,,,,,,0.188163790634965,0.025986323997197917,0.1396275214211889,0.16967013784430943,0.1884298380277292,0.20554789439611798,0.24046013123440346,0.0013551035579503665,0.10478080538306284
v_gain_subj.2,v_gain_subj,True,False,True,v_gain_subj.2,(),['subj_idx'],False,2,,,,,,,0.11606241313071977,0.021615343434387153,0.07556438213102787,0.10103683560070417,0.11534939019140658,0.1307767461561293,0.1582644980347392,0.0011697910509219358,-0.05822476148897655
v_gain_subj.3,v_gain_subj,True,False,True,v_gain_subj.3,(),['subj_idx'],False,3,,,,,,,0.14601813872642214,0.01874614709155273,0.10986606716899089,0.13327643520770435,0.14570169579542872,0.15861130954722982,0.18319938167938415,0.0009528140871219087,-0.06420388737213137
v_gain_subj.4,v_gain_subj,True,False,True,v_gain_subj.4,(),['subj_idx'],False,4,,,,,,,0.06385892548366975,0.024874338287923813,0.015431557002940355,0.04703384443255182,0.06466437838714462,0.08098737565999896,0.11145002828545587,0.0011394393259054312,-0.2034898619698063
v_gain_subj.5,v_gain_subj,True,False,True,v_gain_subj.5,(),['subj_idx'],False,5,,,,,,,0.14856952353737365,0.021596526209255562,0.10829531401272896,0.133463130300594,0.14799604698979793,0.16311916494114453,0.1921360296184561,0.0010332003225678626,-0.09537024678556408
v_gain_subj.6,v_gain_subj,True,False,True,v_gain_subj.6,(),['subj_idx'],False,6,,,,,,,0.12433468347877655,0.02153628280746327,0.08464717486587002,0.10953115565794588,0.1242311753983139,0.13811964605932045,0.17007060571609892,0.001020306320020723,-0.061579268278908604
v_gain_subj.7,v_gain_subj,True,False,True,v_gain_subj.7,(),['subj_idx'],False,7,,,,,,,0.12891012842616284,0.020995899803645666,0.09118801443558253,0.11426683234448021,0.12786651418443185,0.14249751252147352,0.17406148351258918,0.0010390478338982406,-0.027015007737436376
v_gain_subj.8,v_gain_subj,True,False,True,v_gain_subj.8,(),['subj_idx'],False,8,,,,,,,0.07012733654543464,0.01823595708191553,0.034067187798191734,0.05813286037329041,0.0702666236696577,0.08221759184275958,0.10578562412585196,0.0008972863653548333,-0.1553856628284933
v_gain_subj.9,v_gain_subj,True,False,True,v_gain_subj.9,(),['subj_idx'],False,9,,,,,,,0.15624842479971648,0.021376947743520766,0.11714796431254544,0.14120479443272227,0.15568916732623164,0.17062615419497185,0.1985070491404505,0.0010976690215323535,-0.026157228633657697
v_gain_subj.10,v_gain_subj,True,False,True,v_gain_subj.10,(),['subj_idx'],False,10,,,,,,,0.11620081604858029,0.01668276606062622,0.0825050431910921,0.10562839974183022,0.11610450332354487,0.12718114300461486,0.14838268576045224,0.0009192164745664054,-0.0972264629424256
v_gain_subj.11,v_gain_subj,True,False,True,v_gain_subj.11,(),['subj_idx'],False,11,,,,,,,0.049811875106805154,0.021900793413850334,0.005378726341849927,0.03502545321898666,0.05014950811062174,0.0650857344499063,0.09260333698852798,0.0010277850110099334,-0.21349627537115787
v_gain_subj.12,v_gain_subj,True,False,True,v_gain_subj.12,(),['subj_idx'],False,12,,,,,,,0.07045141347876444,0.018076764260732417,0.034353772460686605,0.05803441168074921,0.07094527839725975,0.08347704514675629,0.10431611068200974,0.0008037930099322514,-0.0954654345184117
v_gain_subj.13,v_gain_subj,True,False,True,v_gain_subj.13,(),['subj_idx'],False,13,,,,,,,0.11589120235799369,0.01846721736845959,0.08182818166205474,0.10370841758088749,0.11543249958989094,0.12807516384238563,0.15196232232530363,0.0008610636088252084,-0.10215095406430261
v_gain_subj.14,v_gain_subj,True,False,True,v_gain_subj.14,(),['subj_idx'],False,14,,,,,,,0.1657934224182285,0.02016044542035305,0.12556407482130774,0.1522270469671887,0.16571394386310953,0.1793463511571347,0.206833760111955,0.0011311355306403493,-0.0312245585668537
v_gain_subj.15,v_gain_subj,True,False,True,v_gain_subj.15,(),['subj_idx'],False,15,,,,,,,0.10991131095627765,0.016833897081470314,0.07569805900459274,0.09899148684652448,0.10968634677902862,0.12110894328135308,0.14254335735393253,0.0008781062998778836,-0.04024356960836155
v_gain_subj.16,v_gain_subj,True,False,True,v_gain_subj.16,(),['subj_idx'],False,16,,,,,,,0.08776469824410026,0.01428671156708025,0.05940079363542686,0.07807868159838759,0.08751626267401935,0.09712788247011267,0.1168163829957751,0.0006996871648394139,-0.08706964002840525
v_gain_subj.17,v_gain_subj,True,False,True,v_gain_subj.17,(),['subj_idx'],False,17,,,,,,,0.08856272331138978,0.02079553264836602,0.04766877579693497,0.0742024321138865,0.08863659201903785,0.10272898949255906,0.13048720324634216,0.0010106571359763702,-0.1414983634551732
v_gain_subj.18,v_gain_subj,True,False,True,v_gain_subj.18,(),['subj_idx'],False,18,,,,,,,0.061386017013704476,0.018989854454700656,0.02232803339318987,0.04894933861826397,0.06168517638426403,0.07364880235154121,0.0993883117458002,0.0009769418347252584,-0.1728255563608513
v_gain_subj.19,v_gain_subj,True,False,True,v_gain_subj.19,(),['subj_idx'],False,19,,,,,,,0.09988386070674589,0.017820729682138603,0.06431140412169216,0.08764450614569057,0.1001775518951496,0.1122947358505063,0.13427068637997494,0.000852899425035733,-0.05835616657417752
v_gain_subj.20,v_gain_subj,True,False,True,v_gain_subj.20,(),['subj_idx'],False,20,,,,,,,0.056935083520273995,0.022083801971224996,0.013305495312237143,0.041835347730160954,0.05753583253175089,0.07221614281287406,0.09943658377669837,0.00097891557609683,-0.10453374627900074
v_gain_subj.21,v_gain_subj,True,False,True,v_gain_subj.21,(),['subj_idx'],False,21,,,,,,,0.046844744564201846,0.014119859549838945,0.018751015501414857,0.037167381411673785,0.046797067247184576,0.05668466320804008,0.07377438998457382,0.0007383655315534781,-0.0808299478807234
v_gain_subj.22,v_gain_subj,True,False,True,v_gain_subj.22,(),['subj_idx'],False,22,,,,,,,0.03698173737490055,0.02712533545576946,-0.016300774608554558,0.01836669003956554,0.03717915432267193,0.05501233526505366,0.0905559033420047,0.0013130596863885273,-0.2519193125903927
v_gain_subj.23,v_gain_subj,True,False,True,v_gain_subj.23,(),['subj_idx'],False,23,,,,,,,0.050239182337153264,0.01819951254591989,0.01648488317262521,0.037789190496585974,0.04939135120951234,0.06263042916445158,0.0872705230044686,0.0009247674120210995,-0.16732284697376612
v_gain_subj.24,v_gain_subj,True,False,True,v_gain_subj.24,(),['subj_idx'],False,24,,,,,,,0.16632183122123928,0.024989495892860928,0.11883793575262874,0.1494952640811132,0.1658045706041597,0.18332573402935803,0.21590667423197435,0.001097284758594526,-0.11175604161913108
v_gain_subj.25,v_gain_subj,True,False,True,v_gain_subj.25,(),['subj_idx'],False,25,,,,,,,0.07355529115527559,0.014976120089660963,0.04393934862659714,0.06351734953739516,0.0740653807991065,0.0837135939950137,0.10174216100586228,0.0006333294416278289,-0.06731382472052637
v_gain_subj.26,v_gain_subj,True,False,True,v_gain_subj.26,(),['subj_idx'],False,26,,,,,,,0.12170743424908684,0.015589995737257735,0.0913091612415105,0.11147924002138929,0.12175672348611512,0.13213233751147455,0.15102215480995018,0.0007825585319910751,-0.017302213670473385
v_gain_subj.27,v_gain_subj,True,False,True,v_gain_subj.27,(),['subj_idx'],False,27,,,,,,,0.054768669581747934,0.021416877465274792,0.012238257731586679,0.04055627855699032,0.055006774497823166,0.06881175657371805,0.0963038422386113,0.0009667292118186444,-0.15144977593627917
v_gain_subj.28,v_gain_subj,True,False,True,v_gain_subj.28,(),['subj_idx'],False,28,,,,,,,0.11430331886556921,0.023497144338077824,0.06768202897552089,0.09803188282247204,0.11477625381575025,0.130365036328915,0.15978935935638325,0.0011530169766761351,-0.037945040090851014
v_gain_subj.29,v_gain_subj,True,False,True,v_gain_subj.29,(),['subj_idx'],False,29,,,,,,,0.1535304788793551,0.023761870626947085,0.10862044744930181,0.13767917824597858,0.1538449325632813,0.16928282484577686,0.19991561309383346,0.0010462149093085227,-0.04483683469568123
v_gain_subj.30,v_gain_subj,True,False,True,v_gain_subj.30,(),['subj_idx'],False,30,,,,,,,0.0937690205338671,0.021325739838717328,0.049379407648764015,0.07927050168333705,0.0939948305588969,0.10874077315797916,0.13389846966790722,0.0008840495634462634,-0.13698663338346956
v_gain_subj.31,v_gain_subj,True,False,True,v_gain_subj.31,(),['subj_idx'],False,31,,,,,,,0.19911389855422063,0.02582339602179832,0.14804965002606402,0.18207117098468695,0.1992468233380657,0.21637992480662097,0.2496581885439852,0.0012105819901278272,0.053910264288515475
v_gain_subj.32,v_gain_subj,True,False,True,v_gain_subj.32,(),['subj_idx'],False,32,,,,,,,0.14233328234023868,0.021216602249778258,0.10166900941299244,0.12755764724255317,0.1415672554376144,0.1573649999653925,0.1842276848902902,0.0009945822987956073,0.021858947886386374
v_gain_subj.33,v_gain_subj,True,False,True,v_gain_subj.33,(),['subj_idx'],False,33,,,,,,,0.1169598517746204,0.02299803531896863,0.07294155519795376,0.10149770286825859,0.11610212626271532,0.1322660869199005,0.16306691385214211,0.0010534729458643,-0.042210241055174805
v_gain_subj.34,v_gain_subj,True,False,True,v_gain_subj.34,(),['subj_idx'],False,34,,,,,,,0.17760923719927635,0.025817337344763706,0.1261796365583064,0.16020063093946274,0.17834047082344107,0.19522232246942842,0.22705181780536357,0.0013626182232782742,0.054672976137373694
v_gain_subj.35,v_gain_subj,True,False,True,v_gain_subj.35,(),['subj_idx'],False,35,,,,,,,0.182175999682273,0.01978851686954646,0.1434520454326423,0.16879194824067026,0.1826641721342806,0.19581536500440647,0.21972155854103437,0.0009438015763277288,0.05229363790557269
v_gain_subj.36,v_gain_subj,True,False,True,v_gain_subj.36,(),['subj_idx'],False,36,,,,,,,0.08945513594119489,0.01885298763425268,0.051534482573357236,0.07672561906198058,0.08958958612947228,0.10221583060042155,0.12761839082290075,0.0008890538867189707,-0.047705386057618045
v_gain_subj.37,v_gain_subj,True,False,True,v_gain_subj.37,(),['subj_idx'],False,37,,,,,,,0.11953096901746225,0.026496820012634474,0.06881754226556866,0.10255211684278068,0.11874499684067233,0.13621033711943692,0.17407910814142985,0.0013209705668994196,-0.10240192737969434
v_gain_subj.38,v_gain_subj,True,False,True,v_gain_subj.38,(),['subj_idx'],False,38,,,,,,,0.12649300821477819,0.017788953973606192,0.0920477578462786,0.11411082456413985,0.12649755094233658,0.1387781189440366,0.1618240434174513,0.0008711723966373097,-0.007515993855414823
v_gain_subj.39,v_gain_subj,True,False,True,v_gain_subj.39,(),['subj_idx'],False,39,,,,,,,0.12052074395262231,0.020038936825788164,0.08162909681994968,0.10707704949653385,0.12003517578481536,0.134527544631618,0.1600397971610464,0.0009708979186742008,-0.018073354754368453
v_loss,v_loss,True,False,False,v_loss,(),[],False,,,,,,,,0.16040479980141054,0.011619741549581977,0.13758773142790137,0.1527365842563082,0.16024904315705427,0.16799922710222864,0.1837274293588703,0.00020447404823055806,0.14845990632011355
v_loss_std,v_loss_std,True,False,False,v_loss_std,(),[],False,,,,,,,,0.06977112342635854,0.009219938604022839,0.05468652432741529,0.06345690201119909,0.06868754344900915,0.07526705721512336,0.09070498187737576,0.00021773003409372274,0.0671603633908258
v_loss_tau,v_loss_tau,False,False,False,v_loss_tau,(),[],True,,,,,,,,,,,,,,,,221.7042024316129
v_loss_subj.1,v_loss_subj,True,False,True,v_loss_subj.1,(),['subj_idx'],False,1,,,,,,,0.2598979200254346,0.018770398001693424,0.22351807150610795,0.2471888159881147,0.2599271918484149,0.27241406762707265,0.2966795418750547,0.000777869779226782,0.24284180173197656
v_loss_subj.2,v_loss_subj,True,False,True,v_loss_subj.2,(),['subj_idx'],False,2,,,,,,,0.1731072943888858,0.016024190321532898,0.14068630344192296,0.16271251689164007,0.17305895390898846,0.18394979831672592,0.204039469042528,0.0005600495033721867,0.1664904682077812
v_loss_subj.3,v_loss_subj,True,False,True,v_loss_subj.3,(),['subj_idx'],False,3,,,,,,,0.19699681921203,0.017075945736700664,0.1641554430071937,0.1854547228014232,0.19693752545236085,0.20809738460085947,0.23208848558402725,0.0005888372689793964,0.18006378364909648
v_loss_subj.4,v_loss_subj,True,False,True,v_loss_subj.4,(),['subj_idx'],False,4,,,,,,,0.13401046475937997,0.019751782152317855,0.09513754697899969,0.12119950691067088,0.13442405653790884,0.14755160531122063,0.1714303778465625,0.000661369584299024,0.12006649429342371
v_loss_subj.5,v_loss_subj,True,False,True,v_loss_subj.5,(),['subj_idx'],False,5,,,,,,,0.14334347397020822,0.016064318541018596,0.11168060778623964,0.13277634422171156,0.1435072204309468,0.1544628388020493,0.1743891154142209,0.0005219785991938833,0.1341946122994104
v_loss_subj.6,v_loss_subj,True,False,True,v_loss_subj.6,(),['subj_idx'],False,6,,,,,,,0.1522488364214989,0.015492051040545886,0.12073188015276864,0.14219242789811026,0.1523815297956429,0.16259954170832408,0.1826813987562267,0.0005530980134827996,0.13590966282164968
v_loss_subj.7,v_loss_subj,True,False,True,v_loss_subj.7,(),['subj_idx'],False,7,,,,,,,0.20449246916335787,0.016643608071631153,0.17268651531326565,0.19327914626639825,0.20452137388237002,0.21543208802957908,0.23785140067689908,0.0005918835097862867,0.1900765350935059
v_loss_subj.8,v_loss_subj,True,False,True,v_loss_subj.8,(),['subj_idx'],False,8,,,,,,,0.05254480418335437,0.01146716338017397,0.030842810403395763,0.044588920942695606,0.05225967197346455,0.06043003377384912,0.07510710122527428,0.0003958739582725663,0.023608333066900224
v_loss_subj.9,v_loss_subj,True,False,True,v_loss_subj.9,(),['subj_idx'],False,9,,,,,,,0.20089961699154246,0.016904216058997574,0.16880368208421742,0.18971035881189469,0.20070770477773067,0.2118774119186256,0.23535484949909458,0.000725357025519619,0.18733608474644958
v_loss_subj.10,v_loss_subj,True,False,True,v_loss_subj.10,(),['subj_idx'],False,10,,,,,,,0.10274765344938533,0.013237126166967806,0.07666389863825009,0.09382290854279246,0.10243916449824336,0.11135589872743848,0.12926024914287382,0.00043573434534647083,0.09818072289067924
v_loss_subj.11,v_loss_subj,True,False,True,v_loss_subj.11,(),['subj_idx'],False,11,,,,,,,0.057473556213758714,0.015754101519378356,0.025560117420619893,0.0468419381000789,0.05759865787725247,0.06856215618687214,0.08668042448852811,0.0005069379943878843,0.04068864899813132
v_loss_subj.12,v_loss_subj,True,False,True,v_loss_subj.12,(),['subj_idx'],False,12,,,,,,,0.14464226777702865,0.013639895160351244,0.11792095401938735,0.1354694016967583,0.14427591193977907,0.15390035552742998,0.17134388707423476,0.00047174702689112557,0.11770216725909663
v_loss_subj.13,v_loss_subj,True,False,True,v_loss_subj.13,(),['subj_idx'],False,13,,,,,,,0.12833697402118216,0.0141398187588155,0.10121119693442004,0.11864376791945033,0.12829165679621188,0.13823254528281154,0.15571919602780215,0.0004728574498555167,0.10957940286371158
v_loss_subj.14,v_loss_subj,True,False,True,v_loss_subj.14,(),['subj_idx'],False,14,,,,,,,0.177206331488038,0.014477337004558704,0.1483605144036744,0.1675531183698908,0.17718144661516047,0.18697984953769034,0.20565273925577074,0.0005825482935712734,0.1535864083755631
v_loss_subj.15,v_loss_subj,True,False,True,v_loss_subj.15,(),['subj_idx'],False,15,,,,,,,0.15425963528957073,0.013047691467501855,0.12924289367693576,0.14538676127856812,0.15423703038388784,0.16279569604154648,0.1815519422659802,0.0004927430737870399,0.1408837728314897
v_loss_subj.16,v_loss_subj,True,False,True,v_loss_subj.16,(),['subj_idx'],False,16,,,,,,,0.08497352574462315,0.011689779149510738,0.06275854176463545,0.07685721829826735,0.08492790974937417,0.09262161537645078,0.10795659671669364,0.0003917057797235482,0.0752011990439829
v_loss_subj.17,v_loss_subj,True,False,True,v_loss_subj.17,(),['subj_idx'],False,17,,,,,,,0.09246297535174627,0.01582880293388988,0.06127808258158239,0.08174589226936277,0.09259239749481576,0.10281351757727994,0.12403098050876246,0.0005382509026537344,0.08695251953730945
v_loss_subj.18,v_loss_subj,True,False,True,v_loss_subj.18,(),['subj_idx'],False,18,,,,,,,0.03284926833126142,0.013152769155838559,0.006910598827453719,0.023773094704098215,0.03282746331526082,0.04190255163680337,0.05863772284236108,0.0004015717135402863,0.035542098525240554
v_loss_subj.19,v_loss_subj,True,False,True,v_loss_subj.19,(),['subj_idx'],False,19,,,,,,,0.15847318986331407,0.014736523536817012,0.13155248769717887,0.1482607435880681,0.15797193166900725,0.1682297132952726,0.18831661262431676,0.0004926579290523472,0.14473576303083596
v_loss_subj.20,v_loss_subj,True,False,True,v_loss_subj.20,(),['subj_idx'],False,20,,,,,,,0.17657408608388533,0.016465368092360964,0.14362890148492538,0.1655277207028571,0.1765552108397883,0.1878716608729149,0.20861698401881706,0.000569417536165986,0.16598844407289054
v_loss_subj.21,v_loss_subj,True,False,True,v_loss_subj.21,(),['subj_idx'],False,21,,,,,,,0.10802540945753278,0.01007321433464558,0.08818097429447948,0.10117902221341375,0.1080759856169219,0.11511028802581173,0.12773018371275752,0.0003611617628497015,0.08787513291767901
v_loss_subj.22,v_loss_subj,True,False,True,v_loss_subj.22,(),['subj_idx'],False,22,,,,,,,0.12612961717281615,0.020285779561699774,0.08565960236355508,0.11252046223666434,0.12639107457750096,0.1391889090833165,0.16713608794445656,0.0006171574221713589,0.08866116224035221
v_loss_subj.23,v_loss_subj,True,False,True,v_loss_subj.23,(),['subj_idx'],False,23,,,,,,,0.06307805971660668,0.011817067123453338,0.039885962392104804,0.05495658258469832,0.06288147071269874,0.07105236637849859,0.08606639296526178,0.00043838717043758813,0.037748759428830665
v_loss_subj.24,v_loss_subj,True,False,True,v_loss_subj.24,(),['subj_idx'],False,24,,,,,,,0.14565708076944708,0.018669852798347597,0.10975646261374376,0.13314362635009463,0.14588668585464049,0.15827625939255144,0.18193408841163833,0.0006537735233896776,0.14030022483867677
v_loss_subj.25,v_loss_subj,True,False,True,v_loss_subj.25,(),['subj_idx'],False,25,,,,,,,0.15933947580514074,0.013089267652931096,0.13388909598774262,0.15074841453817012,0.15888082750646193,0.16823075837255422,0.1850113150049062,0.00041258995666659413,0.15253570324329702
v_loss_subj.26,v_loss_subj,True,False,True,v_loss_subj.26,(),['subj_idx'],False,26,,,,,,,0.13399923135550154,0.01122885212094126,0.11216602606241995,0.12636155072523614,0.13366389781894425,0.14158818013541238,0.1560684563630986,0.00044120140780049217,0.12282312167586101
v_loss_subj.27,v_loss_subj,True,False,True,v_loss_subj.27,(),['subj_idx'],False,27,,,,,,,0.052928226063272216,0.01576473978395074,0.022036955659359606,0.04237998336221441,0.05278542398724472,0.06380512513397282,0.08368215382175312,0.0005759444099311861,0.045834322552791684
v_loss_subj.28,v_loss_subj,True,False,True,v_loss_subj.28,(),['subj_idx'],False,28,,,,,,,0.20751510441929338,0.01836551622720754,0.1721458494841113,0.19555154272452105,0.20752211842879614,0.22009458101632398,0.24282470821415986,0.0007015545218975687,0.20162769224094282
v_loss_subj.29,v_loss_subj,True,False,True,v_loss_subj.29,(),['subj_idx'],False,29,,,,,,,0.2575686336274652,0.02219618361562261,0.21479933898100356,0.24202108239508746,0.2571707743518442,0.2726749333593516,0.30042192752180585,0.0007109395819023671,0.24853941367271035
v_loss_subj.30,v_loss_subj,True,False,True,v_loss_subj.30,(),['subj_idx'],False,30,,,,,,,0.13198326304595248,0.017281263781324642,0.09807538215626202,0.12058166077280524,0.13228961604860334,0.14350485145523223,0.16452734804557426,0.0005367512499832463,0.12894418804648153
v_loss_subj.31,v_loss_subj,True,False,True,v_loss_subj.31,(),['subj_idx'],False,31,,,,,,,0.2561635076995833,0.021410836411525837,0.2144015428008441,0.2422156316708478,0.2563970378376718,0.2702562046607762,0.2982278323095885,0.0008248021847207653,0.2633209385652848
v_loss_subj.32,v_loss_subj,True,False,True,v_loss_subj.32,(),['subj_idx'],False,32,,,,,,,0.29595574780624484,0.019528417991515733,0.2552249995817939,0.28346672420978036,0.29647913877088955,0.30919602330008034,0.33275399587898763,0.0007649231403232583,0.29183815527401713
v_loss_subj.33,v_loss_subj,True,False,True,v_loss_subj.33,(),['subj_idx'],False,33,,,,,,,0.1868420743952713,0.01644582599254095,0.15370821533649534,0.1760201685755282,0.18691065198904755,0.19793579217108107,0.21824115013589743,0.0005884392154854105,0.17692105223141427
v_loss_subj.34,v_loss_subj,True,False,True,v_loss_subj.34,(),['subj_idx'],False,34,,,,,,,0.246094426626294,0.01856330091721299,0.2086193464873956,0.23426893212548083,0.24663396408469843,0.25880546998516973,0.2812328557683571,0.0006847299995790059,0.2390888530751635
v_loss_subj.35,v_loss_subj,True,False,True,v_loss_subj.35,(),['subj_idx'],False,35,,,,,,,0.2558584766860955,0.017346714119126774,0.22250675209571463,0.24362307731480062,0.2553675015799368,0.26768490324799726,0.2901364894001248,0.0007053330533461262,0.24136098134554762
v_loss_subj.36,v_loss_subj,True,False,True,v_loss_subj.36,(),['subj_idx'],False,36,,,,,,,0.20349861499414884,0.016460434079012518,0.17143127332094116,0.1923308696248,0.2035803831266187,0.21446385485072145,0.23663807250980728,0.000615058720672006,0.18913176538759313
v_loss_subj.37,v_loss_subj,True,False,True,v_loss_subj.37,(),['subj_idx'],False,37,,,,,,,0.16418008480016646,0.019998679769192885,0.12583222376119002,0.15062498238832803,0.16392823081837588,0.1776303572738761,0.20347299779164302,0.0006614201974179156,0.1620929454948477
v_loss_subj.38,v_loss_subj,True,False,True,v_loss_subj.38,(),['subj_idx'],False,38,,,,,,,0.19594919940951483,0.014339998565036002,0.16839220203849203,0.18633766421944342,0.19552300943835338,0.2059776874719375,0.2238328917834741,0.0005150209965523431,0.18125845744560853
v_loss_subj.39,v_loss_subj,True,False,True,v_loss_subj.39,(),['subj_idx'],False,39,,,,,,,0.2440059030989703,0.01788997352903084,0.2084032425097687,0.23205551550706416,0.24435865736923035,0.2560471113451605,0.2780138923163045,0.0006174655142304103,0.2404075630512281
v_reg.1,v_reg,False,False,True,v_reg.1,(),['subj_idx'],True,1,,,,,,,,,,,,,,,
v_reg.2,v_reg,False,False,True,v_reg.2,(),['subj_idx'],True,2,,,,,,,,,,,,,,,
v_reg.3,v_reg,False,False,True,v_reg.3,(),['subj_idx'],True,3,,,,,,,,,,,,,,,
v_reg.4,v_reg,False,False,True,v_reg.4,(),['subj_idx'],True,4,,,,,,,,,,,,,,,
v_reg.5,v_reg,False,False,True,v_reg.5,(),['subj_idx'],True,5,,,,,,,,,,,,,,,
v_reg.6,v_reg,False,False,True,v_reg.6,(),['subj_idx'],True,6,,,,,,,,,,,,,,,
v_reg.7,v_reg,False,False,True,v_reg.7,(),['subj_idx'],True,7,,,,,,,,,,,,,,,
v_reg.8,v_reg,False,False,True,v_reg.8,(),['subj_idx'],True,8,,,,,,,,,,,,,,,
v_reg.9,v_reg,False,False,True,v_reg.9,(),['subj_idx'],True,9,,,,,,,,,,,,,,,
v_reg.10,v_reg,False,False,True,v_reg.10,(),['subj_idx'],True,10,,,,,,,,,,,,,,,
v_reg.11,v_reg,False,False,True,v_reg.11,(),['subj_idx'],True,11,,,,,,,,,,,,,,,
v_reg.12,v_reg,False,False,True,v_reg.12,(),['subj_idx'],True,12,,,,,,,,,,,,,,,
v_reg.13,v_reg,False,False,True,v_reg.13,(),['subj_idx'],True,13,,,,,,,,,,,,,,,
v_reg.14,v_reg,False,False,True,v_reg.14,(),['subj_idx'],True,14,,,,,,,,,,,,,,,
v_reg.15,v_reg,False,False,True,v_reg.15,(),['subj_idx'],True,15,,,,,,,,,,,,,,,
v_reg.16,v_reg,False,False,True,v_reg.16,(),['subj_idx'],True,16,,,,,,,,,,,,,,,
v_reg.17,v_reg,False,False,True,v_reg.17,(),['subj_idx'],True,17,,,,,,,,,,,,,,,
v_reg.18,v_reg,False,False,True,v_reg.18,(),['subj_idx'],True,18,,,,,,,,,,,,,,,
v_reg.19,v_reg,False,False,True,v_reg.19,(),['subj_idx'],True,19,,,,,,,,,,,,,,,
v_reg.20,v_reg,False,False,True,v_reg.20,(),['subj_idx'],True,20,,,,,,,,,,,,,,,
v_reg.21,v_reg,False,False,True,v_reg.21,(),['subj_idx'],True,21,,,,,,,,,,,,,,,
v_reg.22,v_reg,False,False,True,v_reg.22,(),['subj_idx'],True,22,,,,,,,,,,,,,,,
v_reg.23,v_reg,False,False,True,v_reg.23,(),['subj_idx'],True,23,,,,,,,,,,,,,,,
v_reg.24,v_reg,False,False,True,v_reg.24,(),['subj_idx'],True,24,,,,,,,,,,,,,,,
v_reg.25,v_reg,False,False,True,v_reg.25,(),['subj_idx'],True,25,,,,,,,,,,,,,,,
v_reg.26,v_reg,False,False,True,v_reg.26,(),['subj_idx'],True,26,,,,,,,,,,,,,,,
v_reg.27,v_reg,False,False,True,v_reg.27,(),['subj_idx'],True,27,,,,,,,,,,,,,,,
v_reg.28,v_reg,False,False,True,v_reg.28,(),['subj_idx'],True,28,,,,,,,,,,,,,,,
v_reg.29,v_reg,False,False,True,v_reg.29,(),['subj_idx'],True,29,,,,,,,,,,,,,,,
v_reg.30,v_reg,False,False,True,v_reg.30,(),['subj_idx'],True,30,,,,,,,,,,,,,,,
v_reg.31,v_reg,False,False,True,v_reg.31,(),['subj_idx'],True,31,,,,,,,,,,,,,,,
v_reg.32,v_reg,False,False,True,v_reg.32,(),['subj_idx'],True,32,,,,,,,,,,,,,,,
v_reg.33,v_reg,False,False,True,v_reg.33,(),['subj_idx'],True,33,,,,,,,,,,,,,,,
v_reg.34,v_reg,False,False,True,v_reg.34,(),['subj_idx'],True,34,,,,,,,,,,,,,,,
v_reg.35,v_reg,False,False,True,v_reg.35,(),['subj_idx'],True,35,,,,,,,,,,,,,,,
v_reg.36,v_reg,False,False,True,v_reg.36,(),['subj_idx'],True,36,,,,,,,,,,,,,,,
v_reg.37,v_reg,False,False,True,v_reg.37,(),['subj_idx'],True,37,,,,,,,,,,,,,,,
v_reg.38,v_reg,False,False,True,v_reg.38,(),['subj_idx'],True,38,,,,,,,,,,,,,,,
v_reg.39,v_reg,False,False,True,v_reg.39,(),['subj_idx'],True,39,,,,,,,,,,,,,,,
wfpt.1,wfpt,False,True,False,wfpt.1,(),['subj_idx'],False,1,,,,,,,,,,,,,,,
wfpt.2,wfpt,False,True,False,wfpt.2,(),['subj_idx'],False,2,,,,,,,,,,,,,,,
wfpt.3,wfpt,False,True,False,wfpt.3,(),['subj_idx'],False,3,,,,,,,,,,,,,,,
wfpt.4,wfpt,False,True,False,wfpt.4,(),['subj_idx'],False,4,,,,,,,,,,,,,,,
wfpt.5,wfpt,False,True,False,wfpt.5,(),['subj_idx'],False,5,,,,,,,,,,,,,,,
wfpt.6,wfpt,False,True,False,wfpt.6,(),['subj_idx'],False,6,,,,,,,,,,,,,,,
wfpt.7,wfpt,False,True,False,wfpt.7,(),['subj_idx'],False,7,,,,,,,,,,,,,,,
wfpt.8,wfpt,False,True,False,wfpt.8,(),['subj_idx'],False,8,,,,,,,,,,,,,,,
wfpt.9,wfpt,False,True,False,wfpt.9,(),['subj_idx'],False,9,,,,,,,,,,,,,,,
wfpt.10,wfpt,False,True,False,wfpt.10,(),['subj_idx'],False,10,,,,,,,,,,,,,,,
wfpt.11,wfpt,False,True,False,wfpt.11,(),['subj_idx'],False,11,,,,,,,,,,,,,,,
wfpt.12,wfpt,False,True,False,wfpt.12,(),['subj_idx'],False,12,,,,,,,,,,,,,,,
wfpt.13,wfpt,False,True,False,wfpt.13,(),['subj_idx'],False,13,,,,,,,,,,,,,,,
wfpt.14,wfpt,False,True,False,wfpt.14,(),['subj_idx'],False,14,,,,,,,,,,,,,,,
wfpt.15,wfpt,False,True,False,wfpt.15,(),['subj_idx'],False,15,,,,,,,,,,,,,,,
wfpt.16,wfpt,False,True,False,wfpt.16,(),['subj_idx'],False,16,,,,,,,,,,,,,,,
wfpt.17,wfpt,False,True,False,wfpt.17,(),['subj_idx'],False,17,,,,,,,,,,,,,,,
wfpt.18,wfpt,False,True,False,wfpt.18,(),['subj_idx'],False,18,,,,,,,,,,,,,,,
wfpt.19,wfpt,False,True,False,wfpt.19,(),['subj_idx'],False,19,,,,,,,,,,,,,,,
wfpt.20,wfpt,False,True,False,wfpt.20,(),['subj_idx'],False,20,,,,,,,,,,,,,,,
wfpt.21,wfpt,False,True,False,wfpt.21,(),['subj_idx'],False,21,,,,,,,,,,,,,,,
wfpt.22,wfpt,False,True,False,wfpt.22,(),['subj_idx'],False,22,,,,,,,,,,,,,,,
wfpt.23,wfpt,False,True,False,wfpt.23,(),['subj_idx'],False,23,,,,,,,,,,,,,,,
wfpt.24,wfpt,False,True,False,wfpt.24,(),['subj_idx'],False,24,,,,,,,,,,,,,,,
wfpt.25,wfpt,False,True,False,wfpt.25,(),['subj_idx'],False,25,,,,,,,,,,,,,,,
wfpt.26,wfpt,False,True,False,wfpt.26,(),['subj_idx'],False,26,,,,,,,,,,,,,,,
wfpt.27,wfpt,False,True,False,wfpt.27,(),['subj_idx'],False,27,,,,,,,,,,,,,,,
wfpt.28,wfpt,False,True,False,wfpt.28,(),['subj_idx'],False,28,,,,,,,,,,,,,,,
wfpt.29,wfpt,False,True,False,wfpt.29,(),['subj_idx'],False,29,,,,,,,,,,,,,,,
wfpt.30,wfpt,False,True,False,wfpt.30,(),['subj_idx'],False,30,,,,,,,,,,,,,,,
wfpt.31,wfpt,False,True,False,wfpt.31,(),['subj_idx'],False,31,,,,,,,,,,,,,,,
wfpt.32,wfpt,False,True,False,wfpt.32,(),['subj_idx'],False,32,,,,,,,,,,,,,,,
wfpt.33,wfpt,False,True,False,wfpt.33,(),['subj_idx'],False,33,,,,,,,,,,,,,,,
wfpt.34,wfpt,False,True,False,wfpt.34,(),['subj_idx'],False,34,,,,,,,,,,,,,,,
wfpt.35,wfpt,False,True,False,wfpt.35,(),['subj_idx'],False,35,,,,,,,,,,,,,,,
wfpt.36,wfpt,False,True,False,wfpt.36,(),['subj_idx'],False,36,,,,,,,,,,,,,,,
wfpt.37,wfpt,False,True,False,wfpt.37,(),['subj_idx'],False,37,,,,,,,,,,,,,,,
wfpt.38,wfpt,False,True,False,wfpt.38,(),['subj_idx'],False,38,,,,,,,,,,,,,,,
wfpt.39,wfpt,False,True,False,wfpt.39,(),['subj_idx'],False,39,,,,,,,,,,,,,,,
