,subj_idx,response,rt,gain,loss
1,1,1,1.793,18,-12
2,1,0,1.6369999999999998,10,-15
3,1,1,1.3159999999999998,34,-16
4,1,1,1.67,18,-5
5,1,1,1.232,26,-13
6,1,1,1.5019999999999998,32,-17
7,1,1,1.925,16,-5
8,1,1,1.061,22,-7
9,1,1,1.079,36,-8
10,1,1,1.477,16,-10
11,1,1,1.599,30,-13
12,1,0,1.822,14,-17
13,1,1,1.405,28,-19
14,1,0,1.206,14,-20
15,1,1,1.272,26,-16
16,1,1,0.9,40,-5
17,1,1,1.318,28,-12
18,1,1,1.367,20,-16
19,1,1,1.5659999999999998,26,-5
20,1,1,1.36,32,-20
21,1,0,1.321,18,-17
22,1,1,1.433,20,-6
23,1,0,1.215,20,-18
24,1,1,0.8240000000000001,40,-7
25,1,1,0.903,36,-6
26,1,0,1.047,16,-20
27,1,1,1.169,40,-15
28,1,0,1.137,10,-6
29,1,0,1.082,12,-15
30,1,1,1.096,34,-17
31,1,1,2.2,18,-14
32,1,1,0.7759999999999999,40,-13
33,1,1,1.336,32,-19
34,1,0,1.585,14,-12
35,1,1,1.362,32,-10
36,1,1,1.786,36,-17
37,1,1,1.107,28,-13
38,1,1,1.243,34,-13
39,1,1,1.112,38,-14
40,1,1,1.235,32,-11
41,1,1,0.866,32,-9
42,1,1,1.6269999999999998,30,-16
43,1,1,1.0,34,-10
44,1,1,1.526,18,-8
45,1,1,1.251,34,-20
46,1,1,2.28,32,-16
47,1,1,1.242,24,-12
48,1,1,1.011,38,-12
49,1,1,1.043,38,-10
50,1,1,1.172,24,-7
51,1,1,1.115,16,-13
52,1,1,1.75,36,-19
53,1,1,0.918,32,-5
54,1,1,0.7340000000000001,34,-9
55,1,1,1.067,28,-7
56,1,1,1.6,24,-13
57,1,1,0.805,38,-5
58,1,1,1.39,22,-9
59,1,0,1.806,10,-11
60,1,0,1.6,12,-14
61,1,1,1.237,34,-19
62,1,1,0.957,38,-7
63,1,1,0.877,30,-6
64,1,1,1.454,26,-18
65,1,1,1.904,14,-6
66,1,1,1.486,16,-12
67,1,0,1.598,22,-20
68,1,0,1.368,12,-17
69,1,1,1.32,10,-7
70,1,0,2.302,18,-20
71,1,1,1.433,12,-6
72,1,1,0.999,32,-6
73,1,1,1.071,18,-7
74,1,1,0.7829999999999999,40,-10
75,1,0,1.6869999999999998,14,-14
76,1,1,1.167,30,-19
77,1,1,1.145,24,-18
78,1,0,1.383,10,-12
79,1,1,0.862,40,-19
80,1,1,0.8340000000000001,24,-9
81,1,0,1.785,16,-18
82,1,1,1.28,36,-12
83,1,1,1.394,26,-9
84,1,1,1.249,20,-12
85,1,1,1.266,24,-14
0,1,1,1.29,20,-5
1,1,1,1.163,22,-17
2,1,0,1.265,10,-16
3,1,1,1.4880000000000002,38,-18
4,1,1,1.446,20,-14
5,1,0,0.998,14,-13
6,1,1,0.7809999999999999,40,-8
7,1,1,1.189,32,-18
8,1,1,1.189,24,-8
9,1,1,1.102,36,-14
10,1,1,0.863,28,-6
11,1,1,1.981,16,-14
12,1,1,1.031,14,-9
13,1,1,1.229,20,-13
14,1,1,2.101,30,-18
15,1,0,1.536,14,-15
16,1,0,1.727,12,-12
17,1,1,1.255,24,-11
18,1,1,1.702,12,-10
19,1,1,1.161,16,-6
20,1,1,1.463,38,-20
21,1,1,1.744,28,-10
22,1,1,1.439,20,-7
23,1,1,0.8059999999999999,38,-9
24,1,1,1.041,26,-12
25,1,0,1.121,10,-14
26,1,0,1.621,12,-13
27,1,1,1.138,24,-15
28,1,1,1.974,32,-15
29,1,1,2.408,36,-15
30,1,1,1.898,36,-18
31,1,0,1.222,12,-18
32,1,1,1.403,20,-9
33,1,1,1.328,16,-8
34,1,0,1.25,12,-20
35,1,1,1.915,22,-19
36,1,1,0.8340000000000001,36,-9
37,1,1,1.169,26,-6
38,1,1,0.826,30,-5
39,1,1,0.835,36,-7
40,1,1,1.369,18,-10
41,1,1,0.745,30,-9
42,1,1,1.019,30,-12
43,1,1,0.932,14,-8
44,1,1,0.887,20,-19
45,1,1,0.986,28,-14
46,1,0,2.204,16,-17
47,1,1,1.084,26,-8
48,1,0,1.088,10,-17
49,1,1,0.917,12,-5
50,1,1,1.221,40,-6
51,1,1,1.496,36,-13
52,1,1,2.91,10,-9
53,1,1,1.196,34,-18
54,1,1,1.134,30,-15
55,1,1,1.229,18,-9
56,1,1,1.39,26,-20
57,1,1,1.101,36,-20
58,1,1,1.332,22,-15
59,1,1,0.878,38,-8
60,1,1,0.926,28,-16
61,1,1,1.775,34,-12
62,1,1,1.183,28,-15
63,1,1,0.782,24,-17
64,1,1,0.7979999999999999,28,-11
65,1,1,0.982,16,-9
66,1,1,1.008,22,-13
67,1,1,1.088,40,-11
68,1,1,2.935,28,-8
69,1,1,1.744,36,-16
70,1,1,1.214,20,-10
71,1,0,1.023,10,-18
72,1,1,0.6970000000000001,40,-9
73,1,1,1.3030000000000002,32,-7
74,1,1,0.777,40,-16
75,1,1,1.239,30,-17
76,1,1,1.073,24,-5
77,1,1,1.063,16,-7
78,1,1,1.592,22,-18
79,1,1,1.128,26,-19
80,1,1,1.258,24,-20
81,1,1,1.794,34,-6
82,1,1,0.914,24,-16
83,1,1,1.849,22,-6
84,1,1,1.122,12,-7
0,1,1,1.203,28,-17
1,1,1,1.123,14,-7
2,1,1,0.969,28,-18
3,1,1,1.102,16,-11
4,1,1,0.969,40,-20
5,1,1,1.261,18,-16
6,1,1,1.35,38,-11
7,1,1,2.157,36,-10
8,1,1,1.6780000000000002,40,-18
9,1,1,1.581,10,-10
10,1,1,1.133,24,-6
11,1,1,2.2230000000000003,20,-8
12,1,1,1.046,40,-12
13,1,1,1.5519999999999998,22,-10
14,1,1,1.279,18,-6
15,1,1,2.4530000000000003,38,-16
16,1,1,1.328,30,-20
17,1,1,1.008,22,-14
18,1,1,2.222,18,-18
19,1,0,1.767,16,-19
20,1,1,1.024,24,-10
21,1,0,1.176,12,-19
22,1,1,2.383,28,-9
23,1,1,1.936,30,-10
24,1,1,1.551,18,-15
25,1,1,1.4169999999999998,32,-14
26,1,1,1.52,34,-11
27,1,1,2.488,38,-19
28,1,1,1.202,14,-10
29,1,1,0.888,34,-8
30,1,1,1.546,30,-11
31,1,1,2.403,32,-13
32,1,1,1.176,18,-11
33,1,1,1.352,30,-7
34,1,1,0.8340000000000001,18,-13
35,1,0,0.969,14,-19
36,1,1,1.858,12,-11
37,1,0,1.403,10,-13
38,1,1,1.136,22,-16
39,1,0,0.971,12,-16
40,1,1,1.811,38,-17
41,1,1,1.651,40,-14
42,1,1,0.914,22,-5
43,1,1,2.441,16,-16
44,1,1,0.866,34,-5
45,1,0,0.836,10,-19
46,1,0,1.907,14,-16
47,1,1,0.969,30,-8
48,1,1,2.204,34,-14
49,1,1,1.97,30,-14
50,1,1,1.068,26,-15
51,1,0,1.077,10,-20
52,1,1,1.051,34,-7
53,1,1,1.445,10,-5
54,1,1,1.67,20,-20
55,1,1,0.956,28,-20
56,1,1,1.11,36,-5
57,1,1,2.516,26,-7
58,1,1,1.254,26,-17
59,1,1,1.51,16,-15
60,1,1,0.757,26,-10
61,1,1,1.963,38,-15
62,1,1,0.918,26,-11
63,1,1,0.855,28,-5
64,1,0,1.391,14,-18
65,1,1,0.966,22,-12
66,1,1,2.406,34,-15
67,1,1,0.87,38,-13
68,1,1,1.271,10,-8
69,1,1,1.15,12,-9
70,1,1,1.564,36,-11
71,1,1,1.695,14,-5
72,1,1,1.11,22,-11
73,1,0,1.286,18,-19
74,1,1,1.737,22,-8
75,1,1,1.063,38,-6
76,1,1,0.887,12,-8
77,1,1,1.247,14,-11
78,1,1,1.545,32,-12
79,1,1,0.8490000000000001,20,-11
80,1,1,0.944,26,-14
81,1,1,0.825,32,-8
82,1,1,1.963,40,-17
83,1,1,1.161,20,-17
84,1,1,0.888,24,-19
0,2,0,2.419,20,-15
1,2,0,1.358,18,-12
2,2,0,1.462,10,-15
3,2,1,2.189,34,-16
4,2,1,2.582,18,-5
5,2,0,2.823,26,-13
6,2,0,1.366,32,-17
7,2,1,1.5519999999999998,16,-5
8,2,1,1.612,22,-7
9,2,1,1.589,36,-8
10,2,0,1.885,16,-10
11,2,0,2.885,30,-13
12,2,0,1.263,14,-17
13,2,0,2.701,28,-19
14,2,0,1.327,14,-20
15,2,0,1.4480000000000002,26,-16
16,2,1,1.7919999999999998,40,-5
17,2,0,2.3680000000000003,28,-12
18,2,0,1.48,20,-16
19,2,1,2.448,26,-5
20,2,0,1.296,32,-20
21,2,0,1.24,18,-17
22,2,1,2.8310000000000004,20,-6
23,2,0,1.5530000000000002,20,-18
24,2,1,1.265,40,-7
25,2,1,1.369,36,-6
26,2,0,1.457,16,-20
29,2,0,1.297,12,-15
30,2,0,2.079,34,-17
31,2,0,2.346,18,-14
32,2,0,2.17,40,-13
33,2,0,1.3219999999999998,32,-19
34,2,0,1.258,14,-12
35,2,0,1.314,32,-10
36,2,0,1.917,36,-17
37,2,0,2.147,28,-13
39,2,0,2.106,38,-14
40,2,1,2.139,32,-11
41,2,1,1.699,32,-9
42,2,0,2.123,30,-16
43,2,0,2.659,34,-10
44,2,0,2.963,18,-8
45,2,0,2.885,34,-20
46,2,0,1.739,32,-16
47,2,0,1.372,24,-12
48,2,1,2.268,38,-12
49,2,1,2.189,38,-10
50,2,1,2.861,24,-7
51,2,0,1.692,16,-13
52,2,0,1.4369999999999998,36,-19
53,2,1,1.029,32,-5
54,2,1,2.101,34,-9
55,2,1,2.23,28,-7
56,2,0,1.79,24,-13
57,2,1,1.501,38,-5
58,2,1,1.358,22,-9
59,2,0,1.141,10,-11
60,2,0,0.885,12,-14
61,2,0,1.367,34,-19
62,2,1,2.191,38,-7
63,2,1,2.319,30,-6
64,2,0,2.431,26,-18
65,2,0,2.839,14,-6
66,2,0,1.318,16,-12
67,2,0,1.168,22,-20
68,2,0,1.385,12,-17
69,2,0,2.2230000000000003,10,-7
70,2,0,1.585,18,-20
71,2,0,2.457,12,-6
72,2,1,1.904,32,-6
73,2,1,2.416,18,-7
74,2,1,1.729,40,-10
75,2,0,1.585,14,-14
76,2,0,2.129,30,-19
77,2,0,2.881,24,-18
78,2,0,1.28,10,-12
79,2,0,1.289,40,-19
80,2,1,2.705,24,-9
81,2,0,1.105,16,-18
82,2,0,2.002,36,-12
83,2,1,2.351,26,-9
84,2,0,2.266,20,-12
85,2,0,2.0980000000000003,24,-14
0,2,1,1.676,20,-5
1,2,0,1.123,22,-17
2,2,0,0.903,10,-16
3,2,0,1.237,38,-18
4,2,0,1.109,20,-14
5,2,0,0.878,14,-13
6,2,1,1.504,40,-8
7,2,0,1.085,32,-18
8,2,1,1.938,24,-8
10,2,1,1.507,28,-6
11,2,0,1.255,16,-14
12,2,0,1.551,14,-9
13,2,0,1.742,20,-13
14,2,0,1.518,30,-18
15,2,0,1.207,14,-15
16,2,0,1.279,12,-12
17,2,0,2.208,24,-11
18,2,0,1.239,12,-10
19,2,1,2.001,16,-6
20,2,0,2.214,38,-20
21,2,0,2.975,28,-10
24,2,0,2.193,26,-12
25,2,0,1.209,10,-14
26,2,0,1.304,12,-13
27,2,0,2.106,24,-15
28,2,0,2.803,32,-15
29,2,0,2.801,36,-15
30,2,0,1.964,36,-18
31,2,0,1.203,12,-18
32,2,0,2.441,20,-9
33,2,0,2.231,16,-8
34,2,0,1.114,12,-20
35,2,0,1.186,22,-19
36,2,1,1.843,36,-9
37,2,1,1.85,26,-6
38,2,1,2.322,30,-5
39,2,1,1.834,36,-7
40,2,0,2.835,18,-10
41,2,1,2.587,30,-9
42,2,0,2.043,30,-12
43,2,0,2.315,14,-8
44,2,0,1.163,20,-19
45,2,0,1.116,28,-14
46,2,0,1.063,16,-17
47,2,1,1.628,26,-8
48,2,0,1.012,10,-17
49,2,1,1.988,12,-5
50,2,1,1.517,40,-6
51,2,1,2.38,36,-13
52,2,0,1.95,10,-9
53,2,0,1.204,34,-18
54,2,0,1.206,30,-15
55,2,0,1.358,18,-9
56,2,0,1.1740000000000002,26,-20
57,2,0,2.87,36,-20
58,2,0,1.222,22,-15
59,2,1,1.803,38,-8
60,2,0,1.503,28,-16
61,2,1,2.214,34,-12
62,2,0,1.919,28,-15
63,2,0,1.3630000000000002,24,-17
64,2,0,2.537,28,-11
65,2,0,1.727,16,-9
66,2,0,2.072,22,-13
67,2,1,1.5759999999999998,40,-11
68,2,1,1.864,28,-8
69,2,0,1.096,36,-16
70,2,0,1.103,20,-10
71,2,0,2.272,10,-18
72,2,1,1.743,40,-9
73,2,1,1.865,32,-7
74,2,0,1.505,40,-16
75,2,0,2.072,30,-17
76,2,1,1.504,24,-5
77,2,0,1.831,16,-7
80,2,0,1.306,24,-20
81,2,1,1.481,34,-6
82,2,0,1.45,24,-16
83,2,1,1.386,22,-6
84,2,0,2.602,12,-7
0,2,0,1.274,28,-17
1,2,0,1.371,14,-7
2,2,0,0.888,28,-18
3,2,0,1.189,16,-11
4,2,0,2.092,40,-20
5,2,0,0.957,18,-16
6,2,1,2.636,38,-11
8,2,0,2.325,40,-18
9,2,0,1.198,10,-10
10,2,1,1.541,24,-6
11,2,1,1.453,20,-8
12,2,1,2.445,40,-12
13,2,0,1.685,22,-10
14,2,1,1.79,18,-6
15,2,0,2.2230000000000003,38,-16
16,2,0,1.246,30,-20
17,2,0,2.894,22,-14
18,2,0,0.911,18,-18
19,2,0,0.895,16,-19
20,2,0,1.719,24,-10
21,2,0,0.91,12,-19
22,2,1,1.24,28,-9
23,2,1,2.215,30,-10
24,2,0,1.4,18,-15
25,2,0,2.367,32,-14
28,2,0,1.528,14,-10
29,2,1,1.217,34,-8
30,2,0,1.96,30,-11
31,2,0,2.129,32,-13
32,2,0,1.704,18,-11
33,2,1,1.537,30,-7
34,2,0,1.689,18,-13
35,2,0,1.026,14,-19
36,2,0,1.161,12,-11
37,2,0,0.887,10,-13
38,2,0,0.954,22,-16
39,2,0,0.8009999999999999,12,-16
40,2,0,1.937,38,-17
41,2,1,1.626,40,-14
42,2,1,1.466,22,-5
43,2,0,0.899,16,-16
44,2,1,1.162,34,-5
45,2,0,1.034,10,-19
46,2,0,0.755,14,-16
47,2,1,1.113,30,-8
48,2,0,2.523,34,-14
49,2,0,1.331,30,-14
50,2,0,0.979,26,-15
51,2,0,1.052,10,-20
52,2,1,1.3,34,-7
53,2,0,2.522,10,-5
54,2,0,1.054,20,-20
55,2,0,1.244,28,-20
56,2,1,1.068,36,-5
57,2,1,1.028,26,-7
58,2,0,1.6840000000000002,26,-17
59,2,0,0.8440000000000001,16,-15
60,2,0,2.293,26,-10
61,2,0,1.445,38,-15
62,2,0,2.396,26,-11
63,2,1,1.349,28,-5
64,2,0,0.965,14,-18
65,2,0,2.347,22,-12
66,2,0,2.454,34,-15
67,2,0,2.478,38,-13
68,2,0,1.495,10,-8
69,2,0,1.199,12,-9
70,2,0,1.6869999999999998,36,-11
71,2,1,2.181,14,-5
72,2,0,1.255,22,-11
73,2,0,1.023,18,-19
74,2,1,1.567,22,-8
75,2,1,1.487,38,-6
76,2,0,2.488,12,-8
77,2,0,1.289,14,-11
78,2,1,2.9760000000000004,32,-12
79,2,0,1.257,20,-11
80,2,0,1.199,26,-14
81,2,1,1.432,32,-8
82,2,0,1.44,40,-17
83,2,0,2.071,20,-17
0,3,0,1.104,20,-15
1,3,0,0.706,18,-12
2,3,0,0.565,10,-15
3,3,0,0.902,34,-16
4,3,1,1.246,18,-5
5,3,0,0.6679999999999999,26,-13
6,3,0,1.206,32,-17
7,3,1,1.067,16,-5
8,3,1,0.884,22,-7
9,3,1,1.455,36,-8
10,3,0,1.934,16,-10
11,3,0,0.7979999999999999,30,-13
12,3,0,0.919,14,-17
13,3,0,0.767,28,-19
14,3,0,0.6940000000000001,14,-20
15,3,0,1.192,26,-16
16,3,1,1.2,40,-5
17,3,0,1.358,28,-12
18,3,0,1.135,20,-16
19,3,1,1.046,26,-5
20,3,0,1.102,32,-20
21,3,0,1.016,18,-17
22,3,1,1.128,20,-6
23,3,0,1.135,20,-18
24,3,1,1.161,40,-7
25,3,1,1.015,36,-6
26,3,0,0.887,16,-20
27,3,0,1.569,40,-15
28,3,0,1.409,10,-6
29,3,0,1.08,12,-15
30,3,0,1.234,34,-17
31,3,0,0.695,18,-14
32,3,0,1.29,40,-13
33,3,0,0.698,32,-19
34,3,0,0.888,14,-12
35,3,0,0.792,32,-10
36,3,0,2.154,36,-17
37,3,0,0.826,28,-13
38,3,0,0.723,34,-13
39,3,0,0.809,38,-14
40,3,0,0.723,32,-11
41,3,1,0.977,32,-9
42,3,0,1.155,30,-16
43,3,0,1.274,34,-10
44,3,1,1.235,18,-8
45,3,0,1.745,34,-20
46,3,0,1.179,32,-16
47,3,0,0.8109999999999999,24,-12
48,3,0,2.708,38,-12
49,3,0,0.767,38,-10
50,3,1,1.02,24,-7
51,3,0,0.779,16,-13
52,3,0,0.693,36,-19
53,3,1,1.221,32,-5
54,3,1,1.173,34,-9
55,3,1,1.171,28,-7
56,3,0,0.772,24,-13
57,3,1,1.126,38,-5
58,3,0,1.99,22,-9
59,3,0,0.598,10,-11
60,3,0,0.541,12,-14
61,3,0,0.5329999999999999,34,-19
62,3,1,1.206,38,-7
63,3,1,1.148,30,-6
64,3,0,1.029,26,-18
65,3,0,1.06,14,-6
66,3,0,0.742,16,-12
67,3,0,1.342,22,-20
68,3,0,0.8290000000000001,12,-17
69,3,0,1.088,10,-7
70,3,0,0.833,18,-20
71,3,0,1.224,12,-6
72,3,1,1.446,32,-6
73,3,0,1.287,18,-7
74,3,1,0.888,40,-10
75,3,0,1.015,14,-14
76,3,0,1.318,30,-19
77,3,0,1.345,24,-18
78,3,0,0.633,10,-12
79,3,0,1.537,40,-19
80,3,0,1.439,24,-9
81,3,0,0.961,16,-18
82,3,0,0.912,36,-12
83,3,0,1.672,26,-9
84,3,0,0.968,20,-12
85,3,0,0.7,24,-14
1,3,0,2.398,22,-17
2,3,0,1.351,10,-16
3,3,0,1.137,38,-18
4,3,0,1.391,20,-14
5,3,0,1.596,14,-13
6,3,1,0.991,40,-8
7,3,0,1.4069999999999998,32,-18
8,3,1,1.464,24,-8
9,3,1,1.403,36,-14
10,3,1,1.062,28,-6
11,3,0,0.7290000000000001,16,-14
12,3,0,1.712,14,-9
13,3,0,1.136,20,-13
14,3,0,0.952,30,-18
15,3,0,1.56,14,-15
16,3,0,0.8240000000000001,12,-12
17,3,0,1.098,24,-11
18,3,0,1.537,12,-10
20,3,0,1.218,38,-20
21,3,0,1.1840000000000002,28,-10
22,3,1,1.057,20,-7
23,3,1,1.329,38,-9
24,3,0,0.946,26,-12
25,3,0,1.091,10,-14
26,3,0,1.073,12,-13
27,3,0,1.075,24,-15
28,3,0,0.89,32,-15
29,3,0,0.8340000000000001,36,-15
30,3,0,1.195,36,-18
31,3,0,1.081,12,-18
32,3,1,1.057,20,-9
33,3,1,1.87,16,-8
34,3,0,1.123,12,-20
35,3,0,1.564,22,-19
36,3,0,1.101,36,-9
37,3,1,1.27,26,-6
38,3,1,1.293,30,-5
39,3,1,1.05,36,-7
40,3,0,1.444,18,-10
41,3,1,0.909,30,-9
42,3,0,1.781,30,-12
43,3,1,1.996,14,-8
44,3,0,1.157,20,-19
45,3,0,1.253,28,-14
46,3,0,0.878,16,-17
47,3,1,1.382,26,-8
48,3,0,1.036,10,-17
49,3,1,1.167,12,-5
50,3,1,1.351,40,-6
51,3,0,1.5490000000000002,36,-13
52,3,0,1.279,10,-9
53,3,0,1.014,34,-18
54,3,0,1.311,30,-15
55,3,0,1.016,18,-9
56,3,0,1.288,26,-20
57,3,0,0.887,36,-20
58,3,0,0.943,22,-15
59,3,1,1.584,38,-8
60,3,0,1.399,28,-16
61,3,0,1.105,34,-12
62,3,0,1.217,28,-15
63,3,0,0.904,24,-17
64,3,0,1.024,28,-11
65,3,0,1.224,16,-9
66,3,0,0.8490000000000001,22,-13
67,3,1,1.6980000000000002,40,-11
68,3,1,1.281,28,-8
69,3,0,1.063,36,-16
70,3,0,1.057,20,-10
71,3,0,1.065,10,-18
72,3,0,1.082,40,-9
73,3,1,1.4409999999999998,32,-7
74,3,0,1.643,40,-16
75,3,0,1.29,30,-17
76,3,1,1.179,24,-5
77,3,1,1.346,16,-7
78,3,0,1.162,22,-18
79,3,0,1.058,26,-19
80,3,0,0.8909999999999999,24,-20
81,3,1,1.114,34,-6
82,3,0,0.74,24,-16
83,3,1,1.491,22,-6
84,3,0,1.243,12,-7
0,3,0,1.204,28,-17
1,3,0,1.071,14,-7
2,3,0,1.6269999999999998,28,-18
3,3,0,0.78,16,-11
4,3,0,0.942,40,-20
5,3,0,0.743,18,-16
6,3,0,0.965,38,-11
7,3,0,1.287,36,-10
8,3,0,1.023,40,-18
9,3,0,1.399,10,-10
10,3,1,0.8,24,-6
11,3,1,1.198,20,-8
12,3,0,0.872,40,-12
13,3,0,1.008,22,-10
14,3,0,0.816,18,-6
15,3,0,1.056,38,-16
16,3,0,1.105,30,-20
17,3,0,1.215,22,-14
18,3,0,1.14,18,-18
19,3,0,1.305,16,-19
20,3,0,1.056,24,-10
21,3,0,1.233,12,-19
22,3,1,0.973,28,-9
23,3,0,1.425,30,-10
24,3,0,1.151,18,-15
25,3,0,0.928,32,-14
26,3,0,0.85,34,-11
27,3,0,1.104,38,-19
28,3,0,1.01,14,-10
29,3,1,1.17,34,-8
30,3,0,1.137,30,-11
31,3,0,1.075,32,-13
32,3,0,0.8190000000000001,18,-11
33,3,1,1.227,30,-7
34,3,0,0.955,18,-13
35,3,0,0.865,14,-19
36,3,0,1.195,12,-11
37,3,0,0.778,10,-13
38,3,0,1.012,22,-16
39,3,0,0.684,12,-16
40,3,0,1.419,38,-17
41,3,0,1.276,40,-14
42,3,1,1.3730000000000002,22,-5
43,3,0,0.977,16,-16
44,3,1,1.332,34,-5
45,3,0,0.997,10,-19
46,3,0,1.125,14,-16
47,3,0,1.125,30,-8
48,3,0,1.084,34,-14
49,3,0,1.035,30,-14
50,3,0,0.91,26,-15
51,3,0,0.99,10,-20
52,3,1,1.178,34,-7
53,3,1,2.15,10,-5
54,3,0,1.59,20,-20
55,3,0,1.3230000000000002,28,-20
56,3,1,1.054,36,-5
57,3,1,1.34,26,-7
58,3,0,1.351,26,-17
59,3,0,1.506,16,-15
60,3,0,1.007,26,-10
61,3,0,1.655,38,-15
62,3,0,1.03,26,-11
63,3,1,1.152,28,-5
64,3,0,1.159,14,-18
65,3,0,1.224,22,-12
66,3,0,1.106,34,-15
67,3,0,1.036,38,-13
68,3,0,1.808,10,-8
69,3,0,1.489,12,-9
70,3,0,0.765,36,-11
71,3,1,1.506,14,-5
72,3,0,0.999,22,-11
73,3,0,1.199,18,-19
74,3,1,1.025,22,-8
75,3,1,1.433,38,-6
76,3,0,1.689,12,-8
77,3,0,1.194,14,-11
78,3,0,1.039,32,-12
79,3,0,0.778,20,-11
80,3,0,0.7859999999999999,26,-14
81,3,1,1.295,32,-8
82,3,0,2.09,40,-17
83,3,0,0.787,20,-17
84,3,0,1.078,24,-19
1,4,0,1.836,18,-12
2,4,0,0.867,10,-15
3,4,0,1.482,34,-16
4,4,0,1.116,18,-5
5,4,0,1.069,26,-13
6,4,0,0.971,32,-17
7,4,0,1.899,16,-5
8,4,0,1.453,22,-7
9,4,1,2.4130000000000003,36,-8
10,4,0,1.686,16,-10
11,4,0,1.757,30,-13
12,4,0,1.5490000000000002,14,-17
13,4,0,1.525,28,-19
14,4,0,1.396,14,-20
15,4,0,1.19,26,-16
16,4,0,1.038,40,-5
17,4,0,1.953,28,-12
18,4,0,1.55,20,-16
19,4,1,1.654,26,-5
20,4,0,1.493,32,-20
21,4,0,1.399,18,-17
22,4,0,2.294,20,-6
23,4,0,1.263,20,-18
24,4,1,1.35,40,-7
25,4,1,1.599,36,-6
26,4,0,0.999,16,-20
27,4,0,1.519,40,-15
28,4,0,1.423,10,-6
29,4,0,1.135,12,-15
30,4,0,1.986,34,-17
31,4,0,1.248,18,-14
32,4,0,2.7910000000000004,40,-13
33,4,0,2.24,32,-19
34,4,0,1.159,14,-12
35,4,0,1.599,32,-10
36,4,0,1.776,36,-17
37,4,0,2.032,28,-13
38,4,0,1.536,34,-13
39,4,0,1.3530000000000002,38,-14
40,4,0,2.448,32,-11
41,4,1,1.5930000000000002,32,-9
42,4,0,2.202,30,-16
43,4,0,2.169,34,-10
44,4,0,1.808,18,-8
45,4,0,2.322,34,-20
46,4,0,2.019,32,-16
47,4,0,1.242,24,-12
50,4,1,1.602,24,-7
51,4,0,1.3130000000000002,16,-13
52,4,0,1.85,36,-19
53,4,1,1.539,32,-5
54,4,0,2.484,34,-9
57,4,1,1.884,38,-5
58,4,0,1.843,22,-9
59,4,0,0.948,10,-11
60,4,0,1.092,12,-14
61,4,0,2.4530000000000003,34,-19
62,4,1,1.524,38,-7
63,4,1,1.733,30,-6
64,4,0,1.765,26,-18
65,4,0,1.318,14,-6
66,4,0,1.725,16,-12
67,4,0,1.205,22,-20
68,4,0,1.366,12,-17
69,4,0,1.493,10,-7
70,4,0,1.703,18,-20
71,4,0,2.63,12,-6
72,4,1,1.774,32,-6
73,4,0,1.805,18,-7
74,4,1,1.662,40,-10
75,4,0,1.143,14,-14
76,4,0,1.567,30,-19
77,4,0,1.175,24,-18
78,4,0,1.152,10,-12
79,4,0,2.219,40,-19
80,4,1,1.183,24,-9
81,4,0,0.991,16,-18
82,4,1,2.36,36,-12
83,4,1,2.095,26,-9
84,4,0,2.239,20,-12
85,4,0,1.936,24,-14
0,4,1,1.44,20,-5
1,4,0,1.88,22,-17
2,4,0,0.779,10,-16
3,4,0,2.821,38,-18
4,4,0,1.067,20,-14
5,4,0,1.221,14,-13
7,4,0,0.981,32,-18
8,4,1,0.908,24,-8
9,4,0,1.092,36,-14
10,4,1,1.7719999999999998,28,-6
11,4,0,1.394,16,-14
12,4,0,1.605,14,-9
13,4,0,0.98,20,-13
14,4,0,1.4369999999999998,30,-18
15,4,0,1.006,14,-15
16,4,0,1.027,12,-12
17,4,0,1.382,24,-11
18,4,0,0.885,12,-10
19,4,0,1.222,16,-6
20,4,0,1.653,38,-20
21,4,0,1.389,28,-10
22,4,1,1.1,20,-7
23,4,1,1.19,38,-9
24,4,0,1.367,26,-12
25,4,0,0.992,10,-14
26,4,0,0.998,12,-13
27,4,0,1.28,24,-15
28,4,0,0.902,32,-15
29,4,0,2.015,36,-15
30,4,0,1.64,36,-18
31,4,0,1.233,12,-18
32,4,1,1.369,20,-9
33,4,0,1.872,16,-8
34,4,0,1.183,12,-20
35,4,0,1.233,22,-19
36,4,1,1.449,36,-9
37,4,1,1.584,26,-6
38,4,1,1.568,30,-5
39,4,1,1.673,36,-7
40,4,0,1.503,18,-10
41,4,1,1.384,30,-9
42,4,1,1.826,30,-12
43,4,0,1.13,14,-8
44,4,0,1.649,20,-19
45,4,0,1.33,28,-14
46,4,0,1.091,16,-17
47,4,1,1.891,26,-8
48,4,0,0.865,10,-17
49,4,0,1.243,12,-5
50,4,1,1.148,40,-6
51,4,1,1.332,36,-13
52,4,0,0.93,10,-9
53,4,0,1.643,34,-18
54,4,0,1.093,30,-15
55,4,0,1.157,18,-9
56,4,0,1.364,26,-20
57,4,0,1.4069999999999998,36,-20
58,4,0,0.971,22,-15
59,4,1,1.858,38,-8
60,4,0,1.797,28,-16
61,4,0,1.908,34,-12
62,4,0,1.686,28,-15
63,4,0,1.213,24,-17
64,4,0,1.507,28,-11
65,4,0,1.62,16,-9
66,4,0,0.878,22,-13
67,4,1,1.67,40,-11
68,4,1,1.821,28,-8
69,4,0,1.382,36,-16
70,4,0,1.509,20,-10
71,4,0,1.366,10,-18
72,4,1,1.582,40,-9
73,4,1,2.204,32,-7
74,4,1,2.055,40,-16
75,4,0,1.582,30,-17
76,4,1,1.798,24,-5
77,4,0,1.966,16,-7
78,4,0,1.07,22,-18
79,4,0,1.079,26,-19
80,4,0,2.47,24,-20
82,4,0,1.054,24,-16
83,4,1,1.632,22,-6
84,4,0,1.809,12,-7
0,4,0,1.745,28,-17
1,4,0,1.288,14,-7
2,4,0,1.231,28,-18
3,4,0,1.247,16,-11
4,4,0,1.204,40,-20
5,4,0,1.69,18,-16
6,4,1,1.482,38,-11
7,4,1,1.459,36,-10
8,4,0,1.492,40,-18
9,4,0,1.158,10,-10
10,4,1,1.492,24,-6
11,4,0,1.475,20,-8
12,4,1,2.212,40,-12
13,4,0,1.205,22,-10
14,4,1,2.173,18,-6
15,4,0,1.148,38,-16
16,4,0,1.221,30,-20
17,4,0,1.406,22,-14
18,4,0,1.071,18,-18
19,4,0,1.245,16,-19
20,4,0,1.126,24,-10
21,4,0,1.078,12,-19
22,4,1,1.653,28,-9
23,4,1,1.039,30,-10
24,4,0,1.077,18,-15
25,4,0,1.6869999999999998,32,-14
26,4,1,1.118,34,-11
27,4,0,1.246,38,-19
28,4,0,1.214,14,-10
29,4,1,1.854,34,-8
30,4,1,1.23,30,-11
31,4,0,1.919,32,-13
32,4,0,1.4,18,-11
33,4,1,2.3040000000000003,30,-7
34,4,0,1.5119999999999998,18,-13
35,4,0,1.071,14,-19
36,4,0,0.856,12,-11
37,4,0,1.015,10,-13
38,4,0,2.511,22,-16
39,4,0,1.022,12,-16
40,4,0,1.465,38,-17
41,4,1,1.3769999999999998,40,-14
42,4,1,1.3119999999999998,22,-5
43,4,0,1.304,16,-16
44,4,1,1.904,34,-5
45,4,0,0.954,10,-19
46,4,0,0.985,14,-16
47,4,1,1.4240000000000002,30,-8
48,4,0,1.625,34,-14
49,4,0,1.209,30,-14
50,4,0,1.386,26,-15
51,4,0,1.131,10,-20
52,4,1,2.204,34,-7
53,4,0,1.474,10,-5
54,4,0,1.106,20,-20
55,4,0,1.243,28,-20
56,4,1,1.304,36,-5
57,4,1,1.737,26,-7
58,4,0,1.252,26,-17
59,4,0,1.788,16,-15
60,4,0,1.171,26,-10
61,4,0,1.628,38,-15
62,4,0,1.668,26,-11
63,4,1,1.636,28,-5
64,4,0,1.013,14,-18
65,4,0,1.541,22,-12
66,4,0,1.38,34,-15
67,4,0,2.508,38,-13
68,4,0,1.196,10,-8
69,4,0,1.334,12,-9
70,4,1,2.019,36,-11
71,4,0,1.14,14,-5
72,4,0,1.205,22,-11
73,4,0,1.23,18,-19
74,4,1,1.574,22,-8
75,4,1,1.215,38,-6
76,4,0,1.038,12,-8
77,4,0,0.904,14,-11
78,4,0,2.439,32,-12
79,4,0,1.1740000000000002,20,-11
80,4,0,0.902,26,-14
81,4,1,2.175,32,-8
82,4,0,2.015,40,-17
83,4,0,1.199,20,-17
84,4,0,1.17,24,-19
54,5,1,2.138,34,-9
55,5,1,1.672,28,-7
57,5,1,1.474,38,-5
59,5,0,2.2030000000000003,10,-11
63,5,1,2.385,30,-6
64,5,0,1.722,26,-18
66,5,0,2.738,16,-12
67,5,0,1.966,22,-20
68,5,0,2.471,12,-17
72,5,1,2.346,32,-6
74,5,1,1.97,40,-10
75,5,0,1.805,14,-14
76,5,0,2.483,30,-19
81,5,0,1.694,16,-18
82,5,0,2.672,36,-12
0,5,1,1.536,20,-5
1,5,1,1.906,22,-17
2,5,0,1.21,10,-16
3,5,0,1.443,38,-18
4,5,0,1.724,20,-14
5,5,0,1.62,14,-13
6,5,0,1.2819999999999998,40,-8
7,5,0,1.7480000000000002,32,-18
8,5,1,1.659,24,-8
9,5,0,1.924,36,-14
10,5,1,2.501,28,-6
11,5,0,1.4280000000000002,16,-14
12,5,1,2.145,14,-9
15,5,0,1.661,14,-15
16,5,0,1.156,12,-12
17,5,0,1.39,24,-11
18,5,0,2.004,12,-10
19,5,1,1.3730000000000002,16,-6
20,5,0,1.6669999999999998,38,-20
21,5,0,1.942,28,-10
22,5,1,1.317,20,-7
23,5,1,1.014,38,-9
24,5,0,1.767,26,-12
25,5,0,2.551,10,-14
26,5,0,1.3019999999999998,12,-13
27,5,0,2.264,24,-15
30,5,1,2.744,36,-18
31,5,0,1.168,12,-18
32,5,1,1.232,20,-9
33,5,0,2.271,16,-8
34,5,0,1.975,12,-20
35,5,0,1.569,22,-19
36,5,1,2.673,36,-9
37,5,1,1.615,26,-6
38,5,1,1.288,30,-5
39,5,1,1.455,36,-7
40,5,0,1.911,18,-10
41,5,1,1.383,30,-9
42,5,0,2.705,30,-12
47,5,1,1.834,26,-8
50,5,1,1.106,40,-6
51,5,1,1.49,36,-13
52,5,0,1.763,10,-9
55,5,0,2.938,18,-9
56,5,0,2.108,26,-20
57,5,0,2.002,36,-20
58,5,0,2.611,22,-15
59,5,1,2.419,38,-8
60,5,0,2.325,28,-16
61,5,0,2.676,34,-12
62,5,0,2.829,28,-15
65,5,0,2.861,16,-9
66,5,0,2.229,22,-13
67,5,1,2.278,40,-11
70,5,0,2.135,20,-10
71,5,0,1.733,10,-18
76,5,1,1.991,24,-5
77,5,1,2.336,16,-7
78,5,0,1.5659999999999998,22,-18
79,5,0,2.047,26,-19
80,5,0,1.335,24,-20
81,5,1,2.07,34,-6
84,5,0,2.448,12,-7
0,5,1,2.528,28,-17
1,5,0,1.732,14,-7
2,5,0,1.972,28,-18
3,5,0,1.412,16,-11
4,5,0,2.113,40,-20
5,5,0,1.173,18,-16
6,5,0,2.605,38,-11
7,5,1,1.901,36,-10
8,5,1,2.925,40,-18
9,5,0,1.405,10,-10
10,5,1,2.423,24,-6
11,5,1,1.671,20,-8
12,5,1,2.607,40,-12
13,5,0,2.062,22,-10
14,5,1,2.2880000000000003,18,-6
15,5,1,2.201,38,-16
16,5,0,2.456,30,-20
19,5,0,1.352,16,-19
20,5,0,2.834,24,-10
21,5,0,1.67,12,-19
22,5,1,2.3680000000000003,28,-9
23,5,1,2.608,30,-10
24,5,0,2.079,18,-15
25,5,0,2.657,32,-14
28,5,0,1.594,14,-10
29,5,1,2.376,34,-8
30,5,1,1.703,30,-11
31,5,1,2.152,32,-13
32,5,0,1.861,18,-11
33,5,1,1.257,30,-7
34,5,0,2.377,18,-13
35,5,0,1.4680000000000002,14,-19
36,5,0,1.131,12,-11
37,5,0,1.145,10,-13
38,5,0,0.745,22,-16
39,5,0,1.18,12,-16
42,5,1,2.546,22,-5
43,5,0,1.178,16,-16
44,5,1,1.212,34,-5
45,5,0,1.828,10,-19
46,5,0,0.9,14,-16
47,5,1,1.203,30,-8
48,5,0,2.844,34,-14
49,5,1,2.147,30,-14
52,5,1,0.939,34,-7
53,5,0,2.277,10,-5
54,5,0,1.979,20,-20
55,5,0,1.78,28,-20
56,5,1,1.4980000000000002,36,-5
57,5,1,2.126,26,-7
58,5,1,2.9730000000000003,26,-17
59,5,0,0.99,16,-15
60,5,0,1.485,26,-10
61,5,0,1.735,38,-15
62,5,0,2.5340000000000003,26,-11
63,5,1,1.503,28,-5
64,5,0,1.445,14,-18
65,5,0,2.015,22,-12
66,5,0,1.71,34,-15
67,5,1,2.734,38,-13
68,5,0,1.3019999999999998,10,-8
71,5,1,1.863,14,-5
72,5,0,2.267,22,-11
73,5,0,1.6869999999999998,18,-19
74,5,1,1.432,22,-8
75,5,1,2.154,38,-6
76,5,0,2.217,12,-8
77,5,0,2.103,14,-11
78,5,0,1.848,32,-12
79,5,0,1.921,20,-11
82,5,0,2.424,40,-17
83,5,0,1.466,20,-17
84,5,0,1.737,24,-19
0,6,0,1.045,20,-15
1,6,0,0.919,18,-12
2,6,0,0.688,10,-15
3,6,1,1.034,34,-16
4,6,1,0.906,18,-5
5,6,1,1.178,26,-13
6,6,0,1.069,32,-17
7,6,1,0.8079999999999999,16,-5
8,6,1,0.8,22,-7
9,6,1,0.987,36,-8
10,6,0,0.831,16,-10
11,6,1,1.087,30,-13
12,6,0,0.893,14,-17
13,6,0,1.351,28,-19
14,6,0,0.928,14,-20
15,6,0,0.923,26,-16
16,6,1,0.931,40,-5
17,6,0,1.109,28,-12
18,6,0,0.92,20,-16
19,6,1,0.921,26,-5
20,6,1,1.056,32,-20
21,6,0,0.912,18,-17
22,6,1,0.912,20,-6
23,6,0,1.125,20,-18
24,6,1,0.8370000000000001,40,-7
25,6,1,0.737,36,-6
26,6,0,0.784,16,-20
27,6,1,1.115,40,-15
28,6,0,0.996,10,-6
29,6,0,1.061,12,-15
30,6,1,0.952,34,-17
31,6,0,0.8490000000000001,18,-14
32,6,1,1.056,40,-13
33,6,1,1.294,32,-19
34,6,0,0.865,14,-12
35,6,1,1.226,32,-10
36,6,1,0.982,36,-17
37,6,0,1.401,28,-13
38,6,1,0.94,34,-13
39,6,1,1.097,38,-14
40,6,1,0.889,32,-11
41,6,1,0.882,32,-9
42,6,1,0.948,30,-16
43,6,1,1.274,34,-10
44,6,0,1.3869999999999998,18,-8
45,6,0,0.913,34,-20
46,6,0,1.135,32,-16
47,6,0,1.226,24,-12
48,6,1,1.15,38,-12
49,6,1,0.773,38,-10
50,6,1,0.845,24,-7
51,6,0,1.039,16,-13
52,6,1,1.195,36,-19
53,6,1,0.8640000000000001,32,-5
54,6,1,0.797,34,-9
55,6,1,1.075,28,-7
56,6,0,1.679,24,-13
57,6,1,0.922,38,-5
58,6,0,1.109,22,-9
59,6,0,0.8240000000000001,10,-11
60,6,0,1.082,12,-14
61,6,0,1.24,34,-19
62,6,1,0.736,38,-7
63,6,1,0.904,30,-6
64,6,0,0.88,26,-18
65,6,0,1.15,14,-6
66,6,0,0.979,16,-12
67,6,0,0.915,22,-20
68,6,0,0.7440000000000001,12,-17
69,6,0,1.037,10,-7
70,6,0,0.868,18,-20
71,6,0,1.382,12,-6
72,6,1,0.908,32,-6
73,6,0,1.123,18,-7
74,6,1,0.888,40,-10
75,6,0,0.94,14,-14
76,6,1,0.993,30,-19
77,6,0,1.031,24,-18
78,6,0,0.764,10,-12
79,6,1,1.085,40,-19
80,6,1,0.936,24,-9
81,6,0,0.852,16,-18
82,6,1,1.137,36,-12
83,6,1,1.028,26,-9
84,6,0,1.079,20,-12
85,6,0,1.27,24,-14
0,6,1,0.883,20,-5
1,6,0,1.039,22,-17
2,6,0,0.809,10,-16
3,6,1,0.991,38,-18
4,6,0,0.8390000000000001,20,-14
5,6,0,0.964,14,-13
6,6,1,0.967,40,-8
7,6,0,1.214,32,-18
8,6,1,0.705,24,-8
9,6,0,1.078,36,-14
10,6,1,1.073,28,-6
11,6,0,0.894,16,-14
12,6,0,0.994,14,-9
13,6,0,0.919,20,-13
14,6,1,1.46,30,-18
15,6,0,0.8420000000000001,14,-15
16,6,0,0.8390000000000001,12,-12
17,6,1,1.446,24,-11
18,6,0,0.847,12,-10
19,6,1,1.058,16,-6
20,6,0,1.1909999999999998,38,-20
21,6,0,0.89,28,-10
22,6,1,0.711,20,-7
23,6,1,0.8079999999999999,38,-9
24,6,1,1.031,26,-12
25,6,0,0.987,10,-14
26,6,0,0.735,12,-13
27,6,0,1.177,24,-15
28,6,0,1.199,32,-15
29,6,1,1.001,36,-15
30,6,1,1.875,36,-18
31,6,0,1.08,12,-18
32,6,1,1.083,20,-9
33,6,0,1.338,16,-8
34,6,0,0.8959999999999999,12,-20
35,6,0,0.944,22,-19
36,6,1,0.987,36,-9
37,6,1,1.193,26,-6
38,6,1,1.392,30,-5
39,6,1,0.848,36,-7
40,6,0,1.142,18,-10
41,6,1,0.833,30,-9
42,6,1,0.924,30,-12
43,6,0,0.963,14,-8
44,6,0,1.065,20,-19
45,6,1,1.24,28,-14
46,6,0,0.847,16,-17
47,6,1,1.008,26,-8
48,6,0,0.802,10,-17
49,6,1,1.244,12,-5
50,6,1,0.903,40,-6
51,6,1,1.496,36,-13
52,6,0,0.989,10,-9
53,6,1,1.241,34,-18
54,6,1,1.052,30,-15
55,6,1,1.14,18,-9
56,6,0,0.937,26,-20
57,6,0,1.018,36,-20
58,6,0,0.8759999999999999,22,-15
59,6,1,0.989,38,-8
60,6,1,1.213,28,-16
61,6,1,1.08,34,-12
62,6,1,1.061,28,-15
63,6,0,1.023,24,-17
64,6,0,1.258,28,-11
65,6,0,1.229,16,-9
66,6,0,1.047,22,-13
67,6,1,0.97,40,-11
68,6,1,0.826,28,-8
69,6,1,1.254,36,-16
70,6,1,1.146,20,-10
71,6,0,0.866,10,-18
72,6,1,1.054,40,-9
73,6,1,1.043,32,-7
74,6,1,0.982,40,-16
75,6,0,1.099,30,-17
76,6,1,0.851,24,-5
77,6,0,1.371,16,-7
78,6,0,1.091,22,-18
79,6,0,1.038,26,-19
80,6,0,1.155,24,-20
81,6,1,1.198,34,-6
82,6,0,0.91,24,-16
83,6,1,0.955,22,-6
84,6,0,1.109,12,-7
0,6,1,2.021,28,-17
1,6,1,1.43,14,-7
2,6,1,1.703,28,-18
3,6,0,1.19,16,-11
4,6,1,1.3259999999999998,40,-20
5,6,0,1.193,18,-16
6,6,1,1.425,38,-11
7,6,1,0.913,36,-10
8,6,1,1.508,40,-18
9,6,0,1.1909999999999998,10,-10
10,6,1,2.154,24,-6
11,6,1,1.258,20,-8
12,6,1,1.138,40,-12
13,6,0,1.13,22,-10
14,6,0,1.6030000000000002,18,-6
15,6,1,1.983,38,-16
16,6,0,1.123,30,-20
17,6,0,1.179,22,-14
18,6,0,1.018,18,-18
19,6,0,1.295,16,-19
20,6,1,1.755,24,-10
21,6,0,0.8340000000000001,12,-19
22,6,1,1.168,28,-9
23,6,1,1.162,30,-10
24,6,0,0.959,18,-15
25,6,0,1.699,32,-14
26,6,1,1.392,34,-11
27,6,1,2.171,38,-19
28,6,0,1.2,14,-10
29,6,1,1.112,34,-8
30,6,1,1.331,30,-11
31,6,0,1.279,32,-13
32,6,0,1.266,18,-11
33,6,1,0.929,30,-7
34,6,0,1.123,18,-13
35,6,0,1.019,14,-19
36,6,0,0.828,12,-11
37,6,0,0.947,10,-13
38,6,0,1.289,22,-16
39,6,0,0.9,12,-16
40,6,0,1.725,38,-17
41,6,1,1.092,40,-14
42,6,1,1.073,22,-5
43,6,0,0.897,16,-16
44,6,1,0.7879999999999999,34,-5
45,6,0,0.892,10,-19
46,6,0,0.758,14,-16
47,6,1,0.89,30,-8
48,6,1,1.141,34,-14
49,6,1,1.347,30,-14
50,6,1,1.1,26,-15
51,6,0,0.932,10,-20
52,6,1,1.033,34,-7
53,6,1,1.518,10,-5
54,6,0,1.051,20,-20
55,6,0,1.3230000000000002,28,-20
56,6,1,0.894,36,-5
57,6,1,0.893,26,-7
58,6,0,1.287,26,-17
59,6,0,1.031,16,-15
60,6,1,1.107,26,-10
61,6,1,0.999,38,-15
62,6,1,1.015,26,-11
63,6,1,0.903,28,-5
64,6,0,0.967,14,-18
65,6,1,1.023,22,-12
66,6,1,1.235,34,-15
67,6,1,1.179,38,-13
68,6,0,1.469,10,-8
69,6,0,1.038,12,-9
70,6,1,1.339,36,-11
71,6,0,1.1909999999999998,14,-5
72,6,0,1.004,22,-11
73,6,0,1.54,18,-19
74,6,1,1.556,22,-8
75,6,1,0.919,38,-6
76,6,0,1.136,12,-8
77,6,0,0.933,14,-11
78,6,1,1.342,32,-12
79,6,0,1.004,20,-11
80,6,1,1.144,26,-14
81,6,1,1.023,32,-8
82,6,1,0.8959999999999999,40,-17
83,6,0,1.112,20,-17
84,6,0,1.205,24,-19
0,7,1,2.401,20,-15
1,7,1,2.399,18,-12
2,7,0,0.921,10,-15
3,7,1,1.099,34,-16
4,7,1,0.979,18,-5
6,7,1,0.85,32,-17
7,7,1,1.535,16,-5
8,7,1,0.967,22,-7
9,7,1,0.795,36,-8
10,7,1,1.072,16,-10
11,7,1,0.723,30,-13
12,7,0,1.371,14,-17
13,7,1,0.88,28,-19
14,7,0,1.144,14,-20
15,7,1,0.8029999999999999,26,-16
16,7,1,0.7040000000000001,40,-5
17,7,1,1.176,28,-12
18,7,1,1.4,20,-16
19,7,1,0.843,26,-5
20,7,1,2.296,32,-20
21,7,1,1.497,18,-17
22,7,1,1.115,20,-6
23,7,1,0.992,20,-18
24,7,1,0.82,40,-7
25,7,1,1.321,36,-6
26,7,0,1.208,16,-20
27,7,1,0.8590000000000001,40,-15
28,7,1,1.172,10,-6
29,7,0,1.204,12,-15
30,7,1,1.66,34,-17
31,7,1,1.241,18,-14
32,7,1,0.981,40,-13
33,7,1,1.01,32,-19
34,7,1,1.521,14,-12
35,7,1,1.273,32,-10
36,7,1,0.949,36,-17
37,7,1,0.868,28,-13
38,7,1,0.852,34,-13
39,7,1,1.018,38,-14
40,7,1,0.885,32,-11
41,7,1,1.024,32,-9
42,7,1,1.261,30,-16
43,7,1,0.858,34,-10
44,7,1,0.949,18,-8
45,7,1,1.107,34,-20
46,7,1,1.029,32,-16
47,7,1,1.579,24,-12
48,7,1,1.162,38,-12
49,7,1,1.229,38,-10
50,7,1,0.91,24,-7
51,7,0,1.491,16,-13
52,7,1,1.012,36,-19
53,7,1,0.901,32,-5
54,7,1,0.998,34,-9
55,7,1,1.211,28,-7
56,7,1,1.65,24,-13
58,7,1,1.652,22,-9
59,7,0,1.904,10,-11
60,7,0,1.219,12,-14
61,7,1,1.152,34,-19
62,7,1,1.311,38,-7
63,7,1,1.002,30,-6
64,7,1,1.098,26,-18
65,7,1,1.006,14,-6
66,7,1,0.877,16,-12
67,7,1,1.964,22,-20
68,7,0,1.252,12,-17
69,7,1,1.3430000000000002,10,-7
70,7,0,1.5719999999999998,18,-20
71,7,1,1.113,12,-6
72,7,1,0.973,32,-6
73,7,1,1.243,18,-7
74,7,1,0.939,40,-10
75,7,0,1.999,14,-14
76,7,1,1.995,30,-19
77,7,1,1.351,24,-18
78,7,0,1.172,10,-12
79,7,1,1.23,40,-19
80,7,1,1.87,24,-9
81,7,0,1.575,16,-18
82,7,1,1.964,36,-12
83,7,1,1.868,26,-9
84,7,1,1.471,20,-12
85,7,1,1.307,24,-14
0,7,1,0.858,20,-5
1,7,0,1.918,22,-17
2,7,0,1.041,10,-16
3,7,1,1.068,38,-18
4,7,0,1.241,20,-14
5,7,0,1.275,14,-13
6,7,1,0.745,40,-8
7,7,1,1.355,32,-18
8,7,1,0.993,24,-8
9,7,1,1.764,36,-14
10,7,1,1.226,28,-6
11,7,0,1.45,16,-14
12,7,1,1.802,14,-9
13,7,1,2.107,20,-13
15,7,0,1.173,14,-15
16,7,0,1.162,12,-12
17,7,1,1.372,24,-11
18,7,0,1.088,12,-10
19,7,1,1.149,16,-6
20,7,1,1.6740000000000002,38,-20
21,7,1,1.289,28,-10
22,7,1,1.162,20,-7
23,7,1,1.594,38,-9
24,7,1,1.117,26,-12
25,7,0,1.157,10,-14
26,7,0,1.219,12,-13
27,7,1,1.285,24,-15
28,7,1,2.115,32,-15
29,7,1,1.602,36,-15
30,7,1,2.085,36,-18
31,7,0,1.362,12,-18
32,7,1,1.27,20,-9
33,7,1,1.091,16,-8
34,7,0,1.371,12,-20
35,7,0,1.625,22,-19
36,7,1,1.541,36,-9
37,7,1,1.411,26,-6
38,7,1,0.883,30,-5
39,7,1,0.622,36,-7
40,7,1,2.044,18,-10
41,7,1,1.622,30,-9
42,7,1,2.494,30,-12
43,7,1,1.6869999999999998,14,-8
44,7,0,2.643,20,-19
45,7,1,1.779,28,-14
46,7,0,1.67,16,-17
47,7,1,2.434,26,-8
48,7,0,1.4280000000000002,10,-17
49,7,1,1.3030000000000002,12,-5
50,7,1,1.062,40,-6
51,7,1,1.54,36,-13
52,7,1,1.896,10,-9
53,7,1,1.117,34,-18
54,7,1,1.024,30,-15
55,7,1,0.904,18,-9
56,7,1,1.255,26,-20
59,7,1,1.233,38,-8
60,7,1,1.385,28,-16
61,7,1,1.12,34,-12
62,7,1,0.8490000000000001,28,-15
63,7,1,1.841,24,-17
64,7,1,1.318,28,-11
65,7,1,1.189,16,-9
66,7,1,1.017,22,-13
67,7,1,1.088,40,-11
68,7,1,0.889,28,-8
69,7,1,0.826,36,-16
70,7,1,0.918,20,-10
71,7,0,1.43,10,-18
72,7,1,0.95,40,-9
73,7,1,1.01,32,-7
74,7,1,1.082,40,-16
75,7,1,2.006,30,-17
76,7,1,1.319,24,-5
77,7,1,1.327,16,-7
78,7,0,2.399,22,-18
79,7,1,2.767,26,-19
81,7,1,1.103,34,-6
82,7,1,1.954,24,-16
83,7,1,0.97,22,-6
84,7,1,1.77,12,-7
3,7,1,2.081,16,-11
5,7,0,2.3480000000000003,18,-16
8,7,1,1.385,40,-18
9,7,0,1.044,10,-10
10,7,1,1.265,24,-6
11,7,1,0.898,20,-8
12,7,1,0.989,40,-12
13,7,0,1.634,22,-10
14,7,1,0.85,18,-6
15,7,1,1.341,38,-16
16,7,0,1.074,30,-20
17,7,0,0.7609999999999999,22,-14
18,7,0,0.732,18,-18
19,7,0,1.101,16,-19
21,7,0,1.429,12,-19
22,7,1,1.524,28,-9
23,7,1,1.354,30,-10
24,7,0,2.174,18,-15
25,7,1,2.5540000000000003,32,-14
26,7,0,1.4369999999999998,34,-11
28,7,0,1.3090000000000002,14,-10
30,7,0,1.069,30,-11
31,7,0,1.77,32,-13
32,7,0,2.363,18,-11
33,7,1,0.8370000000000001,30,-7
34,7,0,1.355,18,-13
35,7,0,1.421,14,-19
36,7,0,2.523,12,-11
37,7,0,1.494,10,-13
38,7,1,1.582,22,-16
39,7,0,2.388,12,-16
40,7,1,1.796,38,-17
41,7,1,1.243,40,-14
42,7,1,1.248,22,-5
43,7,0,1.051,16,-16
44,7,1,0.9,34,-5
45,7,0,1.413,10,-19
46,7,0,1.537,14,-16
47,7,1,0.974,30,-8
48,7,1,0.715,34,-14
49,7,1,0.695,30,-14
50,7,1,1.284,26,-15
51,7,0,1.211,10,-20
52,7,1,0.959,34,-7
53,7,1,1.589,10,-5
54,7,0,1.032,20,-20
56,7,1,1.503,36,-5
57,7,1,1.245,26,-7
59,7,0,1.086,16,-15
60,7,1,1.185,26,-10
61,7,1,1.39,38,-15
62,7,1,1.983,26,-11
63,7,1,2.182,28,-5
64,7,0,1.223,14,-18
65,7,1,1.75,22,-12
66,7,1,1.137,34,-15
67,7,1,0.985,38,-13
68,7,1,1.654,10,-8
70,7,1,1.137,36,-11
71,7,1,0.967,14,-5
72,7,1,1.345,22,-11
73,7,0,1.223,18,-19
74,7,1,1.107,22,-8
75,7,1,1.116,38,-6
76,7,1,2.527,12,-8
78,7,1,1.081,32,-12
79,7,1,1.535,20,-11
80,7,1,1.777,26,-14
81,7,1,1.249,32,-8
82,7,1,1.11,40,-17
83,7,1,2.617,20,-17
0,8,0,0.933,20,-15
1,8,0,0.7709999999999999,18,-12
2,8,0,1.044,10,-15
3,8,1,1.086,34,-16
4,8,1,0.887,18,-5
5,8,1,0.892,26,-13
6,8,1,0.813,32,-17
7,8,1,0.915,16,-5
8,8,1,0.767,22,-7
9,8,1,0.775,36,-8
10,8,1,0.828,16,-10
11,8,1,1.12,30,-13
12,8,0,0.807,14,-17
13,8,1,1.012,28,-19
14,8,0,1.084,14,-20
15,8,1,0.968,26,-16
16,8,1,0.7559999999999999,40,-5
17,8,1,1.188,28,-12
18,8,0,0.981,20,-16
19,8,1,1.007,26,-5
20,8,1,1.236,32,-20
21,8,0,0.8440000000000001,18,-17
22,8,1,0.8240000000000001,20,-6
23,8,0,0.933,20,-18
24,8,1,0.792,40,-7
25,8,1,0.773,36,-6
26,8,0,1.029,16,-20
27,8,1,1.16,40,-15
28,8,0,1.432,10,-6
29,8,0,1.24,12,-15
30,8,1,1.301,34,-17
31,8,0,1.357,18,-14
32,8,1,1.912,40,-13
33,8,1,1.117,32,-19
34,8,0,1.12,14,-12
35,8,1,0.974,32,-10
36,8,1,1.097,36,-17
37,8,1,1.257,28,-13
38,8,1,2.049,34,-13
39,8,1,1.486,38,-14
40,8,1,0.905,32,-11
41,8,1,0.871,32,-9
42,8,1,0.964,30,-16
43,8,1,0.999,34,-10
44,8,1,1.369,18,-8
45,8,1,1.206,34,-20
46,8,1,1.186,32,-16
47,8,1,1.238,24,-12
48,8,1,1.537,38,-12
49,8,1,0.8170000000000001,38,-10
50,8,1,0.937,24,-7
51,8,0,1.254,16,-13
52,8,1,1.634,36,-19
53,8,1,0.835,32,-5
54,8,1,1.033,34,-9
55,8,1,1.185,28,-7
56,8,1,1.367,24,-13
57,8,1,0.6970000000000001,38,-5
58,8,1,1.818,22,-9
59,8,0,1.122,10,-11
60,8,0,1.271,12,-14
61,8,1,1.026,34,-19
62,8,1,0.722,38,-7
63,8,1,0.727,30,-6
64,8,1,1.391,26,-18
65,8,1,1.537,14,-6
66,8,0,1.048,16,-12
67,8,0,1.047,22,-20
68,8,0,1.285,12,-17
69,8,0,1.026,10,-7
70,8,0,0.944,18,-20
71,8,1,1.3630000000000002,12,-6
72,8,1,0.792,32,-6
73,8,1,1.368,18,-7
74,8,1,0.768,40,-10
75,8,0,1.179,14,-14
76,8,1,1.186,30,-19
77,8,1,1.068,24,-18
78,8,0,1.296,10,-12
79,8,1,0.92,40,-19
80,8,1,1.331,24,-9
81,8,0,1.555,16,-18
82,8,1,1.36,36,-12
83,8,1,1.7280000000000002,26,-9
84,8,0,1.18,20,-12
85,8,1,1.129,24,-14
1,8,1,2.239,22,-17
2,8,0,2.199,10,-16
3,8,1,1.378,38,-18
4,8,1,2.562,20,-14
5,8,1,1.764,14,-13
6,8,1,1.081,40,-8
7,8,1,1.496,32,-18
8,8,1,1.08,24,-8
9,8,1,1.163,36,-14
10,8,1,1.12,28,-6
11,8,1,1.408,16,-14
12,8,1,1.771,14,-9
13,8,1,1.081,20,-13
14,8,1,1.462,30,-18
15,8,0,1.829,14,-15
16,8,0,1.6569999999999998,12,-12
17,8,1,1.301,24,-11
18,8,0,1.057,12,-10
19,8,1,1.001,16,-6
20,8,1,1.449,38,-20
21,8,1,1.041,28,-10
22,8,1,0.993,20,-7
23,8,1,0.868,38,-9
24,8,1,1.837,26,-12
25,8,0,1.501,10,-14
26,8,0,1.857,12,-13
27,8,1,1.653,24,-15
28,8,1,1.3530000000000002,32,-15
29,8,1,1.306,36,-15
30,8,1,1.58,36,-18
31,8,0,1.379,12,-18
32,8,1,1.069,20,-9
33,8,1,1.425,16,-8
34,8,0,1.955,12,-20
35,8,1,1.63,22,-19
36,8,1,0.909,36,-9
37,8,1,0.802,26,-6
38,8,1,0.7859999999999999,30,-5
39,8,1,0.741,36,-7
40,8,1,1.362,18,-10
41,8,1,0.938,30,-9
42,8,1,1.7180000000000002,30,-12
43,8,1,1.238,14,-8
45,8,1,1.265,28,-14
46,8,0,1.4780000000000002,16,-17
47,8,1,0.8859999999999999,26,-8
48,8,0,2.123,10,-17
49,8,1,2.015,12,-5
50,8,1,0.848,40,-6
51,8,1,1.66,36,-13
52,8,0,2.155,10,-9
54,8,1,1.116,30,-15
55,8,1,1.3530000000000002,18,-9
56,8,0,2.296,26,-20
57,8,1,1.741,36,-20
58,8,0,1.425,22,-15
59,8,1,0.892,38,-8
60,8,1,1.433,28,-16
61,8,1,1.009,34,-12
62,8,1,2.887,28,-15
64,8,1,0.973,28,-11
65,8,1,1.267,16,-9
66,8,1,1.033,22,-13
67,8,1,0.649,40,-11
68,8,1,0.753,28,-8
69,8,1,1.465,36,-16
70,8,1,1.144,20,-10
71,8,0,1.961,10,-18
72,8,1,0.83,40,-9
73,8,1,0.99,32,-7
74,8,1,1.897,40,-16
75,8,1,1.318,30,-17
76,8,1,0.722,24,-5
77,8,1,1.294,16,-7
79,8,0,1.686,26,-19
80,8,0,1.39,24,-20
81,8,1,1.338,34,-6
82,8,0,1.0659999999999998,24,-16
83,8,1,0.745,22,-6
84,8,0,1.306,12,-7
0,8,1,1.229,28,-17
1,8,1,0.8390000000000001,14,-7
2,8,1,1.083,28,-18
3,8,0,1.175,16,-11
4,8,1,0.8590000000000001,40,-20
5,8,0,1.187,18,-16
6,8,1,1.471,38,-11
7,8,1,0.8240000000000001,36,-10
8,8,1,1.4469999999999998,40,-18
9,8,0,1.0759999999999998,10,-10
10,8,1,1.135,24,-6
11,8,1,1.536,20,-8
12,8,1,1.263,40,-12
13,8,1,1.4069999999999998,22,-10
14,8,1,1.039,18,-6
15,8,1,1.029,38,-16
16,8,1,1.535,30,-20
17,8,1,1.223,22,-14
18,8,0,0.973,18,-18
19,8,0,0.949,16,-19
20,8,1,1.133,24,-10
21,8,0,1.0490000000000002,12,-19
22,8,1,1.725,28,-9
23,8,1,1.029,30,-10
24,8,0,1.517,18,-15
25,8,1,1.455,32,-14
26,8,1,1.21,34,-11
27,8,1,1.249,38,-19
28,8,0,1.533,14,-10
29,8,1,0.7979999999999999,34,-8
30,8,1,1.425,30,-11
31,8,1,1.459,32,-13
32,8,1,1.901,18,-11
33,8,1,0.789,30,-7
34,8,0,0.7929999999999999,18,-13
35,8,0,0.934,14,-19
36,8,0,1.144,12,-11
37,8,0,1.431,10,-13
38,8,1,1.198,22,-16
39,8,0,1.321,12,-16
40,8,1,1.273,38,-17
41,8,1,1.745,40,-14
42,8,1,0.838,22,-5
43,8,0,1.125,16,-16
44,8,1,0.7290000000000001,34,-5
45,8,0,0.7929999999999999,10,-19
46,8,0,0.782,14,-16
47,8,1,0.742,30,-8
48,8,1,1.07,34,-14
49,8,1,0.857,30,-14
50,8,1,1.098,26,-15
51,8,0,1.0659999999999998,10,-20
52,8,1,0.967,34,-7
53,8,1,1.851,10,-5
54,8,0,1.04,20,-20
55,8,1,0.988,28,-20
56,8,1,1.081,36,-5
57,8,1,0.72,26,-7
58,8,1,1.499,26,-17
59,8,0,1.278,16,-15
60,8,1,1.113,26,-10
61,8,1,1.284,38,-15
62,8,1,1.132,26,-11
63,8,1,0.98,28,-5
64,8,0,0.804,14,-18
65,8,1,1.3230000000000002,22,-12
66,8,1,0.873,34,-15
67,8,1,1.457,38,-13
68,8,0,1.529,10,-8
69,8,0,1.157,12,-9
70,8,1,1.121,36,-11
71,8,1,1.581,14,-5
72,8,1,1.033,22,-11
73,8,0,1.394,18,-19
74,8,1,1.189,22,-8
75,8,1,0.7879999999999999,38,-6
76,8,0,1.077,12,-8
77,8,0,1.241,14,-11
78,8,1,1.242,32,-12
79,8,1,1.374,20,-11
80,8,0,0.933,26,-14
81,8,1,0.979,32,-8
82,8,1,1.413,40,-17
83,8,0,1.345,20,-17
84,8,0,1.081,24,-19
0,9,0,1.733,20,-15
1,9,0,1.126,18,-12
2,9,0,1.0659999999999998,10,-15
3,9,0,1.76,34,-16
4,9,1,2.504,18,-5
5,9,0,2.032,26,-13
6,9,0,1.689,32,-17
7,9,1,1.375,16,-5
8,9,1,2.032,22,-7
9,9,1,1.871,36,-8
10,9,0,1.656,16,-10
11,9,0,2.545,30,-13
12,9,0,1.089,14,-17
13,9,0,1.4,28,-19
14,9,0,1.297,14,-20
15,9,0,1.25,26,-16
16,9,1,1.3130000000000002,40,-5
17,9,0,1.545,28,-12
18,9,0,1.4,20,-16
19,9,1,2.131,26,-5
20,9,0,1.609,32,-20
21,9,0,1.034,18,-17
22,9,1,1.802,20,-6
23,9,0,1.001,20,-18
24,9,1,1.154,40,-7
25,9,1,1.2990000000000002,36,-6
26,9,0,1.161,16,-20
27,9,1,1.6669999999999998,40,-15
28,9,0,1.132,10,-6
29,9,0,0.923,12,-15
30,9,0,0.802,34,-17
31,9,0,1.113,18,-14
32,9,1,1.276,40,-13
33,9,0,1.419,32,-19
34,9,0,1.37,14,-12
35,9,1,1.525,32,-10
36,9,0,1.3969999999999998,36,-17
37,9,0,1.243,28,-13
38,9,0,0.797,34,-13
39,9,0,1.844,38,-14
40,9,0,1.15,32,-11
41,9,1,1.172,32,-9
42,9,0,1.47,30,-16
43,9,1,1.636,34,-10
44,9,1,1.7180000000000002,18,-8
45,9,0,1.085,34,-20
46,9,0,1.876,32,-16
47,9,0,1.166,24,-12
48,9,0,1.317,38,-12
49,9,1,1.094,38,-10
50,9,0,1.255,24,-7
51,9,0,1.166,16,-13
52,9,0,0.999,36,-19
53,9,1,1.032,32,-5
54,9,1,1.216,34,-9
55,9,1,0.943,28,-7
56,9,0,1.137,24,-13
57,9,1,0.919,38,-5
58,9,0,1.185,22,-9
59,9,0,1.016,10,-11
60,9,0,0.847,12,-14
61,9,0,1.063,34,-19
62,9,1,1.297,38,-7
63,9,1,1.048,30,-6
64,9,0,1.208,26,-18
65,9,0,1.873,14,-6
66,9,0,1.936,16,-12
67,9,0,1.144,22,-20
68,9,0,1.026,12,-17
69,9,0,1.531,10,-7
70,9,0,1.399,18,-20
71,9,1,1.962,12,-6
72,9,1,1.28,32,-6
73,9,0,1.213,18,-7
74,9,1,1.139,40,-10
75,9,0,0.964,14,-14
76,9,0,1.304,30,-19
77,9,0,1.203,24,-18
78,9,0,0.97,10,-12
79,9,0,1.386,40,-19
80,9,0,1.874,24,-9
81,9,0,1.411,16,-18
82,9,0,0.866,36,-12
83,9,0,1.211,26,-9
84,9,0,0.947,20,-12
85,9,0,1.155,24,-14
0,9,1,1.398,20,-5
1,9,0,1.415,22,-17
2,9,0,1.218,10,-16
3,9,0,1.418,38,-18
4,9,0,1.039,20,-14
5,9,0,1.035,14,-13
6,9,1,1.404,40,-8
7,9,0,0.909,32,-18
8,9,1,1.4169999999999998,24,-8
9,9,0,1.139,36,-14
10,9,1,1.589,28,-6
11,9,0,0.972,16,-14
12,9,0,1.403,14,-9
13,9,0,1.459,20,-13
14,9,0,1.444,30,-18
15,9,0,0.951,14,-15
16,9,0,0.94,12,-12
17,9,0,0.828,24,-11
18,9,0,0.885,12,-10
19,9,0,1.662,16,-6
20,9,0,1.325,38,-20
21,9,0,1.037,28,-10
22,9,1,1.285,20,-7
23,9,1,1.863,38,-9
24,9,0,1.086,26,-12
25,9,0,1.135,10,-14
26,9,0,1.006,12,-13
27,9,0,1.007,24,-15
28,9,0,1.486,32,-15
29,9,1,2.0780000000000003,36,-15
30,9,0,2.224,36,-18
31,9,0,1.904,12,-18
32,9,1,1.622,20,-9
33,9,1,1.255,16,-8
34,9,0,1.287,12,-20
35,9,0,1.6569999999999998,22,-19
36,9,1,1.705,36,-9
37,9,1,2.106,26,-6
38,9,1,1.216,30,-5
39,9,1,1.352,36,-7
40,9,0,1.024,18,-10
41,9,1,1.143,30,-9
42,9,0,1.305,30,-12
43,9,0,1.122,14,-8
44,9,0,1.44,20,-19
45,9,0,1.1909999999999998,28,-14
46,9,0,1.61,16,-17
47,9,0,1.266,26,-8
48,9,0,1.113,10,-17
49,9,0,1.57,12,-5
50,9,1,1.475,40,-6
51,9,0,1.218,36,-13
52,9,0,1.108,10,-9
53,9,0,1.114,34,-18
54,9,0,0.98,30,-15
55,9,0,1.012,18,-9
56,9,0,1.044,26,-20
57,9,0,1.806,36,-20
58,9,0,1.331,22,-15
59,9,1,1.276,38,-8
60,9,0,1.645,28,-16
61,9,0,1.013,34,-12
62,9,0,0.916,28,-15
63,9,0,1.005,24,-17
64,9,0,0.763,28,-11
65,9,0,1.166,16,-9
66,9,0,1.461,22,-13
67,9,1,1.582,40,-11
68,9,1,1.43,28,-8
69,9,0,1.582,36,-16
70,9,0,1.105,20,-10
71,9,0,0.933,10,-18
72,9,1,1.197,40,-9
73,9,1,1.5590000000000002,32,-7
74,9,0,1.727,40,-16
75,9,0,1.517,30,-17
76,9,1,1.301,24,-5
77,9,1,1.239,16,-7
78,9,0,1.062,22,-18
79,9,0,1.318,26,-19
80,9,0,0.863,24,-20
81,9,0,1.349,34,-6
82,9,0,1.4480000000000002,24,-16
83,9,0,1.736,22,-6
84,9,0,1.631,12,-7
1,9,1,2.661,14,-7
2,9,1,2.869,28,-18
3,9,0,2.518,16,-11
5,9,0,1.622,18,-16
6,9,1,1.928,38,-11
7,9,1,1.223,36,-10
8,9,1,1.4880000000000002,40,-18
9,9,0,2.655,10,-10
10,9,1,1.455,24,-6
11,9,1,1.737,20,-8
12,9,1,2.113,40,-12
13,9,1,1.641,22,-10
16,9,0,2.049,30,-20
17,9,0,2.0580000000000003,22,-14
18,9,0,2.577,18,-18
19,9,0,2.048,16,-19
20,9,1,1.89,24,-10
21,9,0,0.947,12,-19
22,9,1,1.751,28,-9
23,9,1,2.169,30,-10
24,9,0,1.247,18,-15
25,9,0,1.851,32,-14
26,9,1,2.018,34,-11
27,9,1,1.906,38,-19
28,9,0,2.135,14,-10
29,9,1,1.291,34,-8
30,9,1,1.4680000000000002,30,-11
31,9,0,1.835,32,-13
32,9,0,1.156,18,-11
33,9,1,2.051,30,-7
34,9,0,1.611,18,-13
35,9,0,1.5,14,-19
36,9,0,1.149,12,-11
37,9,0,1.339,10,-13
38,9,0,1.843,22,-16
39,9,0,2.076,12,-16
40,9,1,2.301,38,-17
41,9,1,1.58,40,-14
42,9,1,2.501,22,-5
43,9,0,1.132,16,-16
44,9,1,2.206,34,-5
45,9,0,1.638,10,-19
46,9,0,1.749,14,-16
47,9,1,1.444,30,-8
48,9,1,1.342,34,-14
49,9,1,1.869,30,-14
50,9,0,2.023,26,-15
51,9,0,1.719,10,-20
52,9,1,2.0780000000000003,34,-7
53,9,0,0.974,10,-5
54,9,0,1.118,20,-20
55,9,0,1.477,28,-20
56,9,1,1.5730000000000002,36,-5
57,9,1,1.696,26,-7
58,9,1,1.4469999999999998,26,-17
59,9,0,1.24,16,-15
60,9,0,1.638,26,-10
61,9,0,2.152,38,-15
62,9,0,2.376,26,-11
63,9,1,1.568,28,-5
64,9,0,1.111,14,-18
65,9,0,1.489,22,-12
66,9,1,2.08,34,-15
67,9,1,1.664,38,-13
68,9,0,1.112,10,-8
69,9,0,1.217,12,-9
70,9,0,2.313,36,-11
71,9,0,2.049,14,-5
72,9,0,2.169,22,-11
73,9,0,1.81,18,-19
74,9,0,1.826,22,-8
75,9,1,1.899,38,-6
76,9,0,1.6269999999999998,12,-8
77,9,0,0.913,14,-11
78,9,0,1.901,32,-12
79,9,0,1.617,20,-11
80,9,0,1.803,26,-14
81,9,1,1.977,32,-8
82,9,1,2.395,40,-17
83,9,0,2.218,20,-17
84,9,0,1.635,24,-19
1,10,1,2.926,18,-12
2,10,0,2.653,10,-15
3,10,1,2.728,34,-16
4,10,1,1.7919999999999998,18,-5
5,10,1,2.478,26,-13
6,10,1,2.32,32,-17
7,10,1,1.341,16,-5
8,10,1,1.6780000000000002,22,-7
9,10,1,1.265,36,-8
10,10,1,1.358,16,-10
11,10,1,1.577,30,-13
12,10,0,2.762,14,-17
13,10,1,2.318,28,-19
14,10,0,2.462,14,-20
15,10,1,1.945,26,-16
16,10,1,1.5019999999999998,40,-5
17,10,1,1.7819999999999998,28,-12
18,10,1,1.878,20,-16
19,10,1,1.137,26,-5
20,10,1,1.848,32,-20
21,10,0,2.697,18,-17
22,10,1,1.47,20,-6
24,10,1,1.124,40,-7
25,10,1,1.857,36,-6
26,10,0,1.998,16,-20
27,10,1,1.681,40,-15
28,10,1,1.746,10,-6
29,10,0,1.626,12,-15
30,10,1,2.191,34,-17
31,10,1,2.103,18,-14
32,10,1,1.3219999999999998,40,-13
33,10,1,2.143,32,-19
34,10,0,2.287,14,-12
35,10,1,2.362,32,-10
36,10,1,2.41,36,-17
37,10,1,1.586,28,-13
38,10,1,2.082,34,-13
39,10,1,1.863,38,-14
40,10,1,2.603,32,-11
41,10,1,1.456,32,-9
42,10,1,1.467,30,-16
43,10,1,1.6,34,-10
44,10,1,2.2030000000000003,18,-8
45,10,1,1.784,34,-20
46,10,1,1.7919999999999998,32,-16
47,10,1,2.289,24,-12
48,10,1,1.44,38,-12
49,10,1,1.276,38,-10
50,10,1,1.411,24,-7
51,10,0,2.472,16,-13
52,10,1,1.779,36,-19
53,10,1,1.211,32,-5
54,10,1,1.46,34,-9
55,10,1,1.36,28,-7
56,10,1,1.404,24,-13
57,10,1,1.067,38,-5
58,10,1,1.94,22,-9
59,10,0,1.843,10,-11
60,10,0,2.057,12,-14
61,10,1,1.629,34,-19
62,10,1,1.116,38,-7
63,10,1,1.289,30,-6
64,10,1,1.785,26,-18
65,10,1,2.485,14,-6
66,10,1,1.6980000000000002,16,-12
67,10,0,1.777,22,-20
68,10,0,2.54,12,-17
69,10,0,1.958,10,-7
70,10,0,2.569,18,-20
71,10,1,2.7230000000000003,12,-6
72,10,1,1.218,32,-6
73,10,1,1.33,18,-7
74,10,1,1.265,40,-10
75,10,0,1.973,14,-14
76,10,1,1.857,30,-19
78,10,0,1.61,10,-12
79,10,1,1.6840000000000002,40,-19
80,10,1,2.0340000000000003,24,-9
81,10,0,1.888,16,-18
82,10,1,1.45,36,-12
83,10,1,1.4340000000000002,26,-9
84,10,1,1.7009999999999998,20,-12
85,10,1,2.218,24,-14
0,10,1,1.306,20,-5
1,10,1,2.336,22,-17
2,10,0,1.624,10,-16
3,10,1,1.828,38,-18
4,10,1,1.992,20,-14
5,10,0,1.948,14,-13
6,10,1,1.144,40,-8
7,10,1,1.592,32,-18
8,10,1,1.32,24,-8
9,10,1,2.8760000000000003,36,-14
10,10,1,1.37,28,-6
11,10,0,2.529,16,-14
12,10,1,2.205,14,-9
13,10,1,1.969,20,-13
14,10,1,1.529,30,-18
15,10,0,1.821,14,-15
16,10,0,1.538,12,-12
17,10,1,1.924,24,-11
18,10,0,1.881,12,-10
19,10,1,1.4369999999999998,16,-6
20,10,1,2.516,38,-20
21,10,1,1.61,28,-10
22,10,1,1.6369999999999998,20,-7
23,10,1,1.577,38,-9
24,10,1,1.635,26,-12
25,10,0,2.029,10,-14
26,10,0,1.275,12,-13
27,10,1,2.693,24,-15
28,10,1,1.49,32,-15
29,10,1,1.957,36,-15
30,10,1,2.437,36,-18
31,10,0,1.755,12,-18
32,10,1,1.686,20,-9
33,10,1,1.755,16,-8
34,10,0,1.602,12,-20
35,10,0,2.559,22,-19
36,10,1,1.4369999999999998,36,-9
37,10,1,1.307,26,-6
38,10,1,1.6269999999999998,30,-5
39,10,1,1.7380000000000002,36,-7
40,10,1,1.474,18,-10
41,10,1,2.494,30,-9
42,10,1,1.524,30,-12
43,10,1,1.899,14,-8
44,10,0,1.747,20,-19
45,10,1,2.717,28,-14
46,10,0,1.611,16,-17
47,10,1,2.062,26,-8
48,10,0,2.416,10,-17
49,10,1,1.638,12,-5
50,10,1,1.75,40,-6
51,10,1,1.604,36,-13
52,10,0,1.655,10,-9
53,10,1,1.268,34,-18
54,10,1,1.83,30,-15
55,10,1,2.08,18,-9
56,10,1,1.848,26,-20
57,10,1,1.717,36,-20
58,10,1,1.541,22,-15
59,10,1,1.293,38,-8
60,10,1,1.279,28,-16
61,10,1,1.679,34,-12
62,10,1,1.926,28,-15
63,10,1,1.287,24,-17
64,10,1,2.8360000000000003,28,-11
65,10,1,2.9,16,-9
66,10,1,1.636,22,-13
67,10,1,1.088,40,-11
68,10,1,1.415,28,-8
69,10,1,1.84,36,-16
70,10,1,1.621,20,-10
71,10,0,1.776,10,-18
72,10,1,1.221,40,-9
73,10,1,1.244,32,-7
74,10,1,2.2,40,-16
75,10,1,1.605,30,-17
76,10,1,1.3969999999999998,24,-5
77,10,1,1.289,16,-7
78,10,0,2.199,22,-18
79,10,1,1.791,26,-19
80,10,0,1.685,24,-20
81,10,1,1.3530000000000002,34,-6
82,10,1,1.609,24,-16
83,10,1,1.409,22,-6
84,10,1,1.497,12,-7
0,10,1,2.019,28,-17
1,10,1,1.5659999999999998,14,-7
2,10,1,1.461,28,-18
3,10,1,1.3630000000000002,16,-11
4,10,1,1.31,40,-20
5,10,0,1.93,18,-16
6,10,1,2.126,38,-11
7,10,1,1.238,36,-10
8,10,1,1.483,40,-18
9,10,0,2.1180000000000003,10,-10
10,10,1,1.287,24,-6
11,10,1,1.324,20,-8
12,10,1,1.341,40,-12
13,10,1,1.635,22,-10
14,10,1,2.02,18,-6
15,10,1,1.671,38,-16
16,10,1,1.395,30,-20
17,10,1,1.516,22,-14
18,10,0,1.87,18,-18
19,10,0,2.367,16,-19
20,10,1,1.783,24,-10
21,10,0,2.986,12,-19
22,10,1,1.87,28,-9
23,10,1,1.487,30,-10
24,10,0,2.408,18,-15
25,10,1,2.172,32,-14
26,10,1,1.511,34,-11
27,10,1,2.212,38,-19
28,10,1,1.527,14,-10
29,10,1,1.199,34,-8
30,10,1,1.445,30,-11
31,10,1,1.681,32,-13
32,10,1,1.567,18,-11
33,10,1,1.536,30,-7
34,10,1,1.6130000000000002,18,-13
35,10,0,2.023,14,-19
36,10,0,1.797,12,-11
37,10,0,1.474,10,-13
38,10,1,2.752,22,-16
39,10,0,2.175,12,-16
40,10,1,2.5780000000000003,38,-17
41,10,1,1.229,40,-14
42,10,1,1.968,22,-5
43,10,0,1.689,16,-16
44,10,1,1.141,34,-5
45,10,1,1.735,10,-19
46,10,0,1.913,14,-16
47,10,1,1.296,30,-8
48,10,1,1.894,34,-14
49,10,1,1.617,30,-14
50,10,1,2.302,26,-15
51,10,0,1.598,10,-20
52,10,1,1.3769999999999998,34,-7
53,10,1,2.166,10,-5
54,10,0,1.653,20,-20
55,10,1,1.585,28,-20
56,10,1,1.026,36,-5
57,10,1,1.138,26,-7
58,10,1,1.984,26,-17
59,10,0,2.119,16,-15
60,10,1,1.786,26,-10
61,10,1,1.537,38,-15
62,10,1,2.264,26,-11
63,10,1,0.993,28,-5
64,10,0,2.696,14,-18
65,10,1,2.162,22,-12
66,10,1,1.396,34,-15
67,10,1,1.6,38,-13
68,10,0,2.787,10,-8
69,10,0,2.176,12,-9
70,10,1,1.509,36,-11
71,10,1,1.729,14,-5
72,10,1,2.149,22,-11
73,10,0,1.883,18,-19
74,10,1,1.4240000000000002,22,-8
75,10,1,1.809,38,-6
76,10,1,2.009,12,-8
77,10,0,2.1790000000000003,14,-11
78,10,1,1.516,32,-12
79,10,1,1.508,20,-11
80,10,1,2.009,26,-14
81,10,1,1.446,32,-8
82,10,1,2.033,40,-17
83,10,0,1.641,20,-17
84,10,1,2.604,24,-19
0,11,1,1.436,20,-15
1,11,1,1.907,18,-12
2,11,0,2.18,10,-15
3,11,1,1.158,34,-16
4,11,1,0.935,18,-5
5,11,1,1.1,26,-13
6,11,1,1.39,32,-17
7,11,1,1.236,16,-5
8,11,1,0.8109999999999999,22,-7
9,11,1,0.8220000000000001,36,-8
10,11,1,1.808,16,-10
11,11,1,1.332,30,-13
12,11,0,2.255,14,-17
13,11,1,2.1,28,-19
14,11,0,2.332,14,-20
15,11,1,1.887,26,-16
16,11,1,0.879,40,-5
17,11,1,1.028,28,-12
18,11,1,1.224,20,-16
19,11,1,1.381,26,-5
20,11,1,1.4680000000000002,32,-20
21,11,1,2.25,18,-17
22,11,1,1.112,20,-6
23,11,1,2.533,20,-18
24,11,1,0.757,40,-7
25,11,1,0.794,36,-6
26,11,0,1.279,16,-20
27,11,1,1.432,40,-15
28,11,1,0.8390000000000001,10,-6
29,11,0,2.303,12,-15
30,11,1,1.381,34,-17
31,11,1,1.4240000000000002,18,-14
32,11,1,0.769,40,-13
33,11,1,1.429,32,-19
34,11,1,1.429,14,-12
35,11,1,1.213,32,-10
36,11,1,1.632,36,-17
37,11,1,1.092,28,-13
38,11,1,1.24,34,-13
39,11,1,1.23,38,-14
40,11,1,1.088,32,-11
41,11,1,0.805,32,-9
42,11,1,1.336,30,-16
43,11,1,1.038,34,-10
44,11,1,0.857,18,-8
45,11,1,1.422,34,-20
46,11,1,0.945,32,-16
47,11,1,1.5019999999999998,24,-12
48,11,1,0.846,38,-12
49,11,1,1.073,38,-10
50,11,1,1.265,24,-7
51,11,1,1.7180000000000002,16,-13
52,11,1,1.881,36,-19
53,11,1,0.906,32,-5
54,11,1,0.802,34,-9
55,11,1,0.941,28,-7
56,11,1,1.903,24,-13
57,11,1,1.082,38,-5
58,11,1,0.953,22,-9
59,11,1,2.1630000000000003,10,-11
60,11,0,2.815,12,-14
61,11,1,2.127,34,-19
62,11,1,1.074,38,-7
63,11,1,1.4069999999999998,30,-6
64,11,1,2.527,26,-18
65,11,1,0.926,14,-6
66,11,1,1.419,16,-12
67,11,1,2.367,22,-20
68,11,0,2.295,12,-17
69,11,1,1.706,10,-7
70,11,0,2.0380000000000003,18,-20
71,11,1,2.031,12,-6
72,11,1,1.0659999999999998,32,-6
73,11,1,1.091,18,-7
74,11,1,0.89,40,-10
75,11,0,1.624,14,-14
76,11,1,2.363,30,-19
77,11,1,2.451,24,-18
78,11,1,1.721,10,-12
79,11,1,1.992,40,-19
80,11,1,1.602,24,-9
81,11,0,1.908,16,-18
82,11,1,2.016,36,-12
83,11,1,1.131,26,-9
84,11,1,1.761,20,-12
85,11,1,1.7280000000000002,24,-14
0,11,1,0.991,20,-5
1,11,1,1.404,22,-17
2,11,0,1.94,10,-16
3,11,1,1.716,38,-18
4,11,1,1.737,20,-14
5,11,1,1.847,14,-13
6,11,1,1.053,40,-8
7,11,1,1.722,32,-18
8,11,1,1.142,24,-8
9,11,1,1.013,36,-14
10,11,1,0.826,28,-6
11,11,1,1.462,16,-14
12,11,1,1.361,14,-9
13,11,1,1.862,20,-13
14,11,1,1.743,30,-18
15,11,0,1.993,14,-15
16,11,0,1.3019999999999998,12,-12
17,11,1,1.737,24,-11
18,11,1,2.31,12,-10
19,11,1,1.152,16,-6
20,11,1,1.47,38,-20
21,11,1,1.43,28,-10
22,11,1,0.737,20,-7
23,11,1,1.202,38,-9
24,11,1,1.5930000000000002,26,-12
25,11,0,1.137,10,-14
26,11,0,1.463,12,-13
27,11,1,1.73,24,-15
28,11,1,1.287,32,-15
29,11,1,1.215,36,-15
30,11,1,1.0659999999999998,36,-18
31,11,0,1.7990000000000002,12,-18
32,11,1,0.963,20,-9
33,11,1,1.431,16,-8
34,11,0,1.883,12,-20
35,11,1,2.059,22,-19
36,11,1,1.37,36,-9
37,11,1,2.69,26,-6
38,11,1,1.847,30,-5
39,11,1,0.963,36,-7
40,11,1,1.736,18,-10
41,11,1,1.439,30,-9
42,11,1,1.307,30,-12
43,11,1,2.434,14,-8
44,11,1,1.616,20,-19
45,11,1,1.442,28,-14
46,11,0,1.385,16,-17
47,11,1,1.283,26,-8
48,11,0,1.048,10,-17
49,11,1,1.3019999999999998,12,-5
50,11,1,0.8290000000000001,40,-6
51,11,1,1.002,36,-13
52,11,1,1.6130000000000002,10,-9
53,11,1,2.001,34,-18
54,11,1,1.578,30,-15
55,11,1,1.533,18,-9
56,11,1,1.381,26,-20
57,11,1,1.666,36,-20
58,11,1,1.914,22,-15
59,11,1,0.914,38,-8
60,11,1,1.35,28,-16
61,11,1,1.158,34,-12
62,11,1,1.35,28,-15
63,11,1,2.757,24,-17
64,11,1,1.5630000000000002,28,-11
65,11,1,1.506,16,-9
66,11,1,1.278,22,-13
67,11,1,0.743,40,-11
68,11,1,1.198,28,-8
69,11,1,1.654,36,-16
70,11,1,1.057,20,-10
71,11,0,1.331,10,-18
72,11,1,0.8140000000000001,40,-9
73,11,1,1.5630000000000002,32,-7
74,11,1,1.3019999999999998,40,-16
75,11,1,1.811,30,-17
76,11,1,1.155,24,-5
77,11,1,1.659,16,-7
78,11,1,2.011,22,-18
79,11,1,1.764,26,-19
80,11,1,1.459,24,-20
81,11,1,1.4069999999999998,34,-6
82,11,1,2.182,24,-16
83,11,1,0.7979999999999999,22,-6
84,11,1,2.4330000000000003,12,-7
1,11,1,2.633,14,-7
2,11,1,1.751,28,-18
3,11,1,1.67,16,-11
4,11,1,1.17,40,-20
5,11,0,2.032,18,-16
6,11,1,1.375,38,-11
7,11,1,1.118,36,-10
8,11,1,1.402,40,-18
9,11,0,2.033,10,-10
10,11,1,1.143,24,-6
11,11,1,1.082,20,-8
12,11,1,1.138,40,-12
13,11,1,1.341,22,-10
14,11,1,1.442,18,-6
15,11,1,1.215,38,-16
16,11,1,1.68,30,-20
17,11,1,2.211,22,-14
18,11,0,1.5519999999999998,18,-18
19,11,0,2.199,16,-19
20,11,1,1.551,24,-10
21,11,0,1.357,12,-19
22,11,1,1.504,28,-9
23,11,1,1.347,30,-10
24,11,1,2.007,18,-15
25,11,1,1.315,32,-14
26,11,1,1.208,34,-11
27,11,1,1.706,38,-19
28,11,1,1.784,14,-10
29,11,1,1.224,34,-8
30,11,1,1.036,30,-11
32,11,1,1.7380000000000002,18,-11
33,11,1,0.8959999999999999,30,-7
34,11,1,1.675,18,-13
35,11,0,1.633,14,-19
36,11,0,2.156,12,-11
37,11,0,1.5519999999999998,10,-13
38,11,1,2.3280000000000003,22,-16
39,11,0,1.992,12,-16
40,11,1,1.5519999999999998,38,-17
41,11,1,1.22,40,-14
42,11,1,1.009,22,-5
43,11,0,2.009,16,-16
44,11,1,0.969,34,-5
45,11,0,1.876,10,-19
46,11,0,1.753,14,-16
47,11,1,1.345,30,-8
48,11,1,1.264,34,-14
49,11,1,0.988,30,-14
50,11,1,1.471,26,-15
51,11,0,1.508,10,-20
52,11,1,1.5759999999999998,34,-7
53,11,1,1.758,10,-5
54,11,0,1.595,20,-20
55,11,1,1.491,28,-20
56,11,1,1.022,36,-5
57,11,1,1.187,26,-7
58,11,1,1.821,26,-17
59,11,1,2.35,16,-15
60,11,1,2.083,26,-10
61,11,1,1.217,38,-15
62,11,1,1.3769999999999998,26,-11
63,11,1,1.591,28,-5
64,11,0,1.695,14,-18
65,11,1,1.151,22,-12
66,11,1,1.197,34,-15
67,11,1,1.068,38,-13
68,11,1,1.895,10,-8
69,11,1,1.862,12,-9
70,11,1,0.971,36,-11
71,11,1,1.199,14,-5
72,11,1,1.444,22,-11
73,11,0,2.8360000000000003,18,-19
74,11,1,1.5,22,-8
75,11,1,0.954,38,-6
76,11,1,2.232,12,-8
77,11,1,1.783,14,-11
78,11,1,1.037,32,-12
79,11,1,1.624,20,-11
80,11,1,2.549,26,-14
81,11,1,1.804,32,-8
82,11,1,0.888,40,-17
83,11,1,1.592,20,-17
84,11,1,1.605,24,-19
0,12,0,1.501,20,-15
1,12,0,1.371,18,-12
2,12,0,1.371,10,-15
3,12,1,2.527,34,-16
4,12,1,1.329,18,-5
5,12,1,1.286,26,-13
6,12,1,1.27,32,-17
7,12,1,2.428,16,-5
8,12,1,1.5219999999999998,22,-7
9,12,1,0.8690000000000001,36,-8
10,12,1,1.276,16,-10
11,12,1,1.372,30,-13
12,12,0,1.398,14,-17
13,12,0,1.526,28,-19
14,12,0,1.172,14,-20
15,12,0,1.719,26,-16
16,12,1,0.8759999999999999,40,-5
17,12,1,1.936,28,-12
18,12,0,2.059,20,-16
19,12,1,0.926,26,-5
20,12,0,1.241,32,-20
21,12,0,1.641,18,-17
22,12,1,1.4280000000000002,20,-6
23,12,0,1.996,20,-18
24,12,1,1.351,40,-7
25,12,1,0.941,36,-6
26,12,0,1.706,16,-20
28,12,0,2.785,10,-6
29,12,0,1.495,12,-15
30,12,1,2.086,34,-17
31,12,0,2.845,18,-14
32,12,1,2.342,40,-13
33,12,0,2.0540000000000003,32,-19
34,12,0,1.181,14,-12
35,12,1,1.494,32,-10
36,12,1,1.307,36,-17
37,12,1,1.494,28,-13
38,12,1,1.6909999999999998,34,-13
39,12,1,1.5730000000000002,38,-14
40,12,1,1.926,32,-11
41,12,1,1.758,32,-9
42,12,1,1.204,30,-16
43,12,1,1.669,34,-10
44,12,1,1.899,18,-8
45,12,0,1.853,34,-20
46,12,0,1.7009999999999998,32,-16
47,12,1,2.315,24,-12
48,12,1,2.093,38,-12
49,12,1,2.5580000000000003,38,-10
50,12,1,0.913,24,-7
51,12,0,1.877,16,-13
52,12,0,1.797,36,-19
53,12,1,0.939,32,-5
54,12,1,0.923,34,-9
55,12,1,0.905,28,-7
56,12,1,2.644,24,-13
57,12,1,1.777,38,-5
58,12,1,1.931,22,-9
59,12,0,1.444,10,-11
60,12,0,1.924,12,-14
61,12,0,1.981,34,-19
62,12,1,0.948,38,-7
63,12,1,1.882,30,-6
64,12,1,3.746,26,-18
65,12,1,2.679,14,-6
66,12,0,2.119,16,-12
67,12,0,1.4280000000000002,22,-20
68,12,0,1.524,12,-17
69,12,0,2.216,10,-7
70,12,0,1.49,18,-20
71,12,0,2.064,12,-6
72,12,1,1.954,32,-6
73,12,1,1.936,18,-7
74,12,1,0.91,40,-10
75,12,0,1.098,14,-14
76,12,1,2.039,30,-19
77,12,0,2.059,24,-18
78,12,0,1.211,10,-12
79,12,0,2.411,40,-19
80,12,1,2.584,24,-9
81,12,0,1.115,16,-18
82,12,1,2.668,36,-12
83,12,1,2.185,26,-9
84,12,1,1.953,20,-12
85,12,1,2.615,24,-14
5,12,1,1.7480000000000002,14,-13
6,12,1,1.841,40,-8
7,12,1,1.371,32,-18
8,12,1,1.411,24,-8
9,12,1,1.4169999999999998,36,-14
10,12,1,1.73,28,-6
11,12,0,1.426,16,-14
12,12,0,2.216,14,-9
13,12,0,1.953,20,-13
14,12,0,2.73,30,-18
15,12,0,1.337,14,-15
16,12,0,1.193,12,-12
18,12,0,2.757,12,-10
19,12,1,1.735,16,-6
20,12,0,1.754,38,-20
21,12,1,2.57,28,-10
22,12,1,2.066,20,-7
23,12,1,1.359,38,-9
24,12,1,1.818,26,-12
25,12,0,1.635,10,-14
26,12,0,2.074,12,-13
27,12,1,1.737,24,-15
28,12,1,1.378,32,-15
29,12,1,1.874,36,-15
30,12,1,1.24,36,-18
31,12,0,1.29,12,-18
32,12,1,1.395,20,-9
33,12,1,1.796,16,-8
35,12,0,1.736,22,-19
36,12,1,1.75,36,-9
37,12,1,1.497,26,-6
38,12,1,1.068,30,-5
39,12,1,0.918,36,-7
40,12,0,2.012,18,-10
41,12,1,1.157,30,-9
42,12,1,2.339,30,-12
43,12,1,1.483,14,-8
44,12,0,2.52,20,-19
45,12,1,2.3080000000000003,28,-14
46,12,0,1.453,16,-17
47,12,1,1.367,26,-8
48,12,0,1.15,10,-17
49,12,1,1.267,12,-5
50,12,1,1.251,40,-6
51,12,1,1.415,36,-13
52,12,0,1.161,10,-9
53,12,1,1.809,34,-18
54,12,1,2.522,30,-15
55,12,1,1.817,18,-9
56,12,0,1.983,26,-20
57,12,0,2.528,36,-20
59,12,1,1.187,38,-8
60,12,1,2.084,28,-16
61,12,1,2.29,34,-12
62,12,1,1.711,28,-15
63,12,0,2.225,24,-17
64,12,1,1.761,28,-11
65,12,1,1.34,16,-9
66,12,1,2.923,22,-13
67,12,1,1.257,40,-11
68,12,1,1.5,28,-8
69,12,1,1.181,36,-16
70,12,0,2.4,20,-10
71,12,0,2.144,10,-18
72,12,1,1.028,40,-9
73,12,1,1.72,32,-7
74,12,1,1.793,40,-16
75,12,0,1.504,30,-17
76,12,1,1.004,24,-5
77,12,1,1.296,16,-7
78,12,0,1.724,22,-18
79,12,0,2.033,26,-19
81,12,1,1.371,34,-6
82,12,0,1.778,24,-16
83,12,1,1.742,22,-6
84,12,1,1.612,12,-7
0,12,0,1.5,28,-17
1,12,0,2.227,14,-7
2,12,1,1.778,28,-18
3,12,0,2.236,16,-11
4,12,1,2.5980000000000003,40,-20
5,12,0,2.971,18,-16
6,12,1,1.347,38,-11
7,12,1,2.01,36,-10
8,12,1,2.469,40,-18
9,12,0,1.275,10,-10
10,12,1,1.704,24,-6
11,12,1,1.074,20,-8
12,12,1,1.606,40,-12
13,12,1,2.562,22,-10
14,12,1,1.826,18,-6
15,12,1,1.843,38,-16
16,12,0,2.116,30,-20
17,12,0,2.119,22,-14
18,12,0,1.099,18,-18
20,12,0,2.6,24,-10
21,12,0,1.38,12,-19
22,12,1,1.596,28,-9
23,12,1,1.736,30,-10
24,12,0,2.134,18,-15
25,12,1,1.712,32,-14
26,12,1,1.327,34,-11
27,12,0,2.109,38,-19
28,12,0,2.364,14,-10
29,12,1,1.032,34,-8
30,12,1,2.133,30,-11
31,12,1,2.339,32,-13
32,12,0,2.0340000000000003,18,-11
33,12,1,1.197,30,-7
34,12,0,1.74,18,-13
35,12,0,1.156,14,-19
36,12,0,1.6569999999999998,12,-11
37,12,0,2.508,10,-13
38,12,0,2.114,22,-16
39,12,0,1.202,12,-16
40,12,0,2.11,38,-17
41,12,1,1.389,40,-14
42,12,1,1.228,22,-5
43,12,0,1.382,16,-16
44,12,1,1.108,34,-5
45,12,0,0.982,10,-19
46,12,0,1.277,14,-16
47,12,1,1.25,30,-8
48,12,1,2.105,34,-14
49,12,1,1.444,30,-14
50,12,1,2.107,26,-15
51,12,0,1.098,10,-20
52,12,1,1.115,34,-7
53,12,1,2.094,10,-5
54,12,0,1.3090000000000002,20,-20
55,12,0,1.704,28,-20
56,12,1,1.016,36,-5
57,12,1,1.271,26,-7
58,12,1,1.575,26,-17
59,12,0,1.398,16,-15
60,12,1,1.666,26,-10
61,12,1,1.34,38,-15
62,12,1,2.074,26,-11
63,12,1,1.753,28,-5
64,12,0,1.23,14,-18
65,12,1,1.737,22,-12
66,12,1,1.463,34,-15
67,12,1,2.166,38,-13
68,12,0,1.494,10,-8
69,12,0,1.5519999999999998,12,-9
70,12,1,1.281,36,-11
71,12,1,1.556,14,-5
72,12,1,1.873,22,-11
73,12,0,1.376,18,-19
74,12,1,1.7919999999999998,22,-8
75,12,1,3.155,38,-6
76,12,0,2.507,12,-8
77,12,0,1.577,14,-11
78,12,1,1.617,32,-12
79,12,1,1.866,20,-11
80,12,1,1.704,26,-14
81,12,1,1.185,32,-8
82,12,1,1.866,40,-17
83,12,1,1.369,20,-17
84,12,0,2.138,24,-19
0,13,0,1.4780000000000002,20,-15
1,13,0,1.097,18,-12
2,13,0,0.877,10,-15
3,13,0,1.199,34,-16
4,13,1,1.088,18,-5
5,13,0,1.237,26,-13
6,13,0,1.136,32,-17
7,13,1,1.061,16,-5
8,13,1,1.453,22,-7
9,13,1,1.361,36,-8
10,13,0,1.265,16,-10
11,13,1,2.04,30,-13
12,13,0,1.008,14,-17
13,13,0,0.813,28,-19
14,13,0,1.4480000000000002,14,-20
15,13,0,1.033,26,-16
16,13,1,1.165,40,-5
17,13,1,1.265,28,-12
18,13,0,1.03,20,-16
19,13,1,1.213,26,-5
20,13,0,0.989,32,-20
21,13,0,0.904,18,-17
22,13,1,1.249,20,-6
23,13,0,0.631,20,-18
24,13,1,1.193,40,-7
25,13,1,1.134,36,-6
26,13,0,0.76,16,-20
27,13,0,1.346,40,-15
28,13,0,1.113,10,-6
29,13,0,0.977,12,-15
30,13,0,1.664,34,-17
31,13,0,0.807,18,-14
32,13,0,0.97,40,-13
33,13,0,1.095,32,-19
34,13,0,1.31,14,-12
35,13,1,1.294,32,-10
36,13,0,1.266,36,-17
37,13,0,1.185,28,-13
38,13,1,1.129,34,-13
39,13,1,2.023,38,-14
40,13,1,1.2009999999999998,32,-11
41,13,0,0.888,32,-9
42,13,0,1.179,30,-16
43,13,1,1.4469999999999998,34,-10
44,13,0,1.649,18,-8
45,13,0,1.007,34,-20
46,13,0,1.17,32,-16
47,13,0,1.151,24,-12
48,13,1,1.219,38,-12
49,13,1,0.962,38,-10
50,13,1,1.179,24,-7
51,13,0,1.144,16,-13
52,13,0,1.435,36,-19
53,13,1,1.187,32,-5
54,13,1,1.267,34,-9
55,13,1,1.489,28,-7
56,13,0,0.993,24,-13
57,13,1,1.003,38,-5
58,13,0,2.139,22,-9
59,13,0,0.996,10,-11
60,13,0,0.912,12,-14
61,13,0,1.508,34,-19
62,13,1,1.259,38,-7
63,13,1,1.617,30,-6
64,13,0,1.008,26,-18
65,13,0,1.34,14,-6
66,13,0,0.904,16,-12
67,13,0,0.939,22,-20
68,13,0,0.753,12,-17
69,13,0,1.068,10,-7
70,13,0,0.841,18,-20
71,13,0,0.972,12,-6
72,13,1,1.369,32,-6
73,13,0,1.216,18,-7
74,13,1,1.33,40,-10
75,13,0,0.945,14,-14
76,13,0,1.349,30,-19
77,13,0,0.948,24,-18
78,13,0,0.955,10,-12
79,13,1,1.321,40,-19
80,13,1,1.332,24,-9
81,13,0,0.972,16,-18
82,13,0,1.962,36,-12
83,13,0,1.786,26,-9
84,13,0,1.29,20,-12
85,13,0,1.27,24,-14
0,13,1,2.343,20,-5
1,13,0,1.273,22,-17
2,13,0,1.058,10,-16
3,13,1,1.714,38,-18
4,13,0,1.192,20,-14
5,13,0,0.851,14,-13
6,13,1,1.169,40,-8
7,13,0,1.016,32,-18
8,13,0,0.76,24,-8
9,13,0,1.003,36,-14
10,13,1,1.0,28,-6
11,13,0,2.339,16,-14
12,13,0,1.155,14,-9
13,13,0,0.906,20,-13
14,13,1,1.113,30,-18
15,13,0,0.9,14,-15
16,13,0,1.04,12,-12
17,13,1,1.331,24,-11
18,13,0,1.649,12,-10
19,13,0,1.337,16,-6
20,13,0,1.816,38,-20
21,13,0,1.096,28,-10
22,13,0,1.6669999999999998,20,-7
23,13,1,1.457,38,-9
24,13,0,1.604,26,-12
25,13,0,1.452,10,-14
26,13,0,1.241,12,-13
27,13,0,1.781,24,-15
28,13,1,2.01,32,-15
29,13,1,1.6569999999999998,36,-15
30,13,1,2.8760000000000003,36,-18
31,13,0,1.074,12,-18
32,13,0,1.412,20,-9
33,13,0,1.787,16,-8
34,13,0,1.37,12,-20
35,13,0,1.581,22,-19
36,13,0,1.845,36,-9
37,13,1,1.46,26,-6
38,13,1,1.74,30,-5
39,13,1,1.285,36,-7
40,13,0,1.227,18,-10
41,13,0,2.114,30,-9
42,13,0,1.643,30,-12
43,13,0,1.7180000000000002,14,-8
44,13,0,1.642,20,-19
45,13,0,1.65,28,-14
46,13,0,1.237,16,-17
47,13,1,2.134,26,-8
48,13,0,1.258,10,-17
50,13,1,1.358,40,-6
51,13,1,1.795,36,-13
52,13,0,1.046,10,-9
53,13,0,1.571,34,-18
54,13,0,1.923,30,-15
55,13,0,1.336,18,-9
56,13,0,1.064,26,-20
57,13,0,1.581,36,-20
58,13,0,1.1,22,-15
59,13,1,1.295,38,-8
60,13,0,1.5119999999999998,28,-16
61,13,0,2.557,34,-12
62,13,0,0.993,28,-15
63,13,0,0.915,24,-17
64,13,1,2.023,28,-11
65,13,0,1.561,16,-9
66,13,0,1.241,22,-13
67,13,1,1.111,40,-11
68,13,1,1.608,28,-8
69,13,0,1.297,36,-16
70,13,0,1.294,20,-10
71,13,0,1.589,10,-18
72,13,1,1.158,40,-9
73,13,1,1.054,32,-7
74,13,1,2.321,40,-16
75,13,0,1.078,30,-17
76,13,1,1.308,24,-5
77,13,0,1.5419999999999998,16,-7
78,13,0,1.318,22,-18
79,13,0,1.193,26,-19
80,13,0,1.534,24,-20
81,13,1,1.3969999999999998,34,-6
82,13,0,1.169,24,-16
83,13,1,1.649,22,-6
84,13,0,1.01,12,-7
0,13,0,0.8540000000000001,28,-17
1,13,0,0.887,14,-7
2,13,0,1.119,28,-18
3,13,0,1.154,16,-11
4,13,0,1.213,40,-20
5,13,0,1.3090000000000002,18,-16
6,13,1,1.218,38,-11
7,13,1,1.277,36,-10
8,13,0,1.104,40,-18
9,13,0,1.021,10,-10
10,13,0,1.472,24,-6
11,13,0,1.815,20,-8
12,13,1,1.873,40,-12
13,13,0,1.3869999999999998,22,-10
14,13,0,2.144,18,-6
15,13,1,1.574,38,-16
16,13,0,1.3230000000000002,30,-20
17,13,0,1.225,22,-14
18,13,0,0.75,18,-18
19,13,0,0.784,16,-19
20,13,0,1.91,24,-10
21,13,0,1.15,12,-19
22,13,1,1.5419999999999998,28,-9
23,13,1,1.198,30,-10
24,13,0,1.006,18,-15
25,13,0,1.281,32,-14
26,13,1,1.4780000000000002,34,-11
27,13,0,2.329,38,-19
28,13,0,1.3259999999999998,14,-10
29,13,1,1.375,34,-8
30,13,1,1.758,30,-11
31,13,0,1.091,32,-13
32,13,0,1.4980000000000002,18,-11
33,13,1,1.446,30,-7
34,13,0,1.082,18,-13
35,13,0,0.7190000000000001,14,-19
36,13,0,0.882,12,-11
37,13,0,0.727,10,-13
38,13,0,0.7,22,-16
39,13,0,0.809,12,-16
40,13,0,1.4980000000000002,38,-17
41,13,1,1.653,40,-14
42,13,1,1.287,22,-5
43,13,0,0.722,16,-16
44,13,1,1.115,34,-5
45,13,0,1.41,10,-19
46,13,0,0.7509999999999999,14,-16
47,13,1,1.8,30,-8
48,13,0,2.375,34,-14
49,13,0,1.703,30,-14
50,13,0,1.242,26,-15
51,13,0,1.154,10,-20
52,13,1,1.6969999999999998,34,-7
53,13,0,1.319,10,-5
54,13,0,0.88,20,-20
55,13,0,1.264,28,-20
56,13,1,1.291,36,-5
57,13,0,2.248,26,-7
58,13,0,1.334,26,-17
59,13,0,0.971,16,-15
60,13,0,1.56,26,-10
61,13,0,1.156,38,-15
62,13,0,1.483,26,-11
63,13,1,1.227,28,-5
64,13,0,0.946,14,-18
65,13,0,1.236,22,-12
66,13,0,2.01,34,-15
67,13,1,2.145,38,-13
68,13,0,0.98,10,-8
69,13,0,1.0759999999999998,12,-9
70,13,0,1.761,36,-11
71,13,1,1.888,14,-5
72,13,0,1.26,22,-11
73,13,0,0.933,18,-19
74,13,0,1.7080000000000002,22,-8
75,13,1,1.327,38,-6
76,13,0,1.0759999999999998,12,-8
77,13,0,0.971,14,-11
78,13,0,1.85,32,-12
79,13,0,1.568,20,-11
80,13,0,1.594,26,-14
81,13,1,1.329,32,-8
82,13,0,1.453,40,-17
83,13,0,1.183,20,-17
84,13,0,1.2919999999999998,24,-19
2,14,1,2.983,10,-15
4,14,1,1.757,18,-5
5,14,1,1.589,26,-13
6,14,0,2.104,32,-17
7,14,1,1.606,16,-5
8,14,1,1.223,22,-7
9,14,1,1.177,36,-8
10,14,0,1.921,16,-10
11,14,1,2.297,30,-13
12,14,0,1.729,14,-17
13,14,0,1.984,28,-19
14,14,0,2.0380000000000003,14,-20
15,14,0,2.6010000000000004,26,-16
16,14,1,1.07,40,-5
17,14,1,1.569,28,-12
18,14,0,1.785,20,-16
19,14,1,1.294,26,-5
20,14,0,1.577,32,-20
21,14,0,1.866,18,-17
22,14,1,1.106,20,-6
23,14,0,1.726,20,-18
24,14,1,1.446,40,-7
25,14,1,1.007,36,-6
26,14,0,1.374,16,-20
27,14,0,2.01,40,-15
28,14,0,2.359,10,-6
29,14,0,1.41,12,-15
30,14,1,1.775,34,-17
31,14,0,1.881,18,-14
32,14,1,1.874,40,-13
33,14,1,1.479,32,-19
34,14,0,1.371,14,-12
35,14,1,1.624,32,-10
36,14,1,2.283,36,-17
37,14,0,1.384,28,-13
38,14,1,2.269,34,-13
39,14,1,1.626,38,-14
40,14,1,2.747,32,-11
41,14,1,2.136,32,-9
42,14,0,1.693,30,-16
43,14,1,2.39,34,-10
44,14,1,1.749,18,-8
45,14,0,1.328,34,-20
46,14,0,2.123,32,-16
47,14,1,2.131,24,-12
48,14,1,2.393,38,-12
49,14,1,1.875,38,-10
50,14,1,1.6769999999999998,24,-7
51,14,0,1.546,16,-13
52,14,0,1.926,36,-19
53,14,1,1.293,32,-5
54,14,1,1.06,34,-9
55,14,1,1.634,28,-7
57,14,1,1.094,38,-5
58,14,1,1.3259999999999998,22,-9
59,14,0,1.75,10,-11
60,14,0,1.252,12,-14
61,14,0,1.51,34,-19
62,14,1,1.037,38,-7
63,14,1,1.252,30,-6
64,14,1,2.0,26,-18
65,14,1,1.749,14,-6
66,14,0,1.099,16,-12
67,14,0,1.339,22,-20
68,14,0,1.086,12,-17
69,14,0,1.7180000000000002,10,-7
70,14,0,1.067,18,-20
71,14,1,2.343,12,-6
72,14,1,1.036,32,-6
73,14,1,1.4469999999999998,18,-7
74,14,1,1.179,40,-10
76,14,0,1.754,30,-19
77,14,0,1.551,24,-18
78,14,0,1.18,10,-12
79,14,1,2.062,40,-19
80,14,1,2.074,24,-9
81,14,0,1.215,16,-18
82,14,0,1.348,36,-12
83,14,1,1.156,26,-9
84,14,1,2.007,20,-12
85,14,0,1.356,24,-14
0,14,1,1.083,20,-5
1,14,0,1.679,22,-17
2,14,0,1.18,10,-16
3,14,0,1.2919999999999998,38,-18
4,14,0,1.332,20,-14
5,14,0,1.456,14,-13
6,14,1,1.156,40,-8
7,14,0,1.068,32,-18
8,14,1,0.871,24,-8
9,14,1,1.72,36,-14
10,14,1,1.085,28,-6
11,14,0,1.2,16,-14
12,14,1,1.3119999999999998,14,-9
13,14,0,1.751,20,-13
14,14,0,1.53,30,-18
15,14,0,1.1840000000000002,14,-15
16,14,0,0.991,12,-12
17,14,0,1.643,24,-11
18,14,0,1.565,12,-10
19,14,0,1.884,16,-6
20,14,0,1.325,38,-20
21,14,0,1.356,28,-10
22,14,1,1.34,20,-7
23,14,1,1.433,38,-9
24,14,1,1.968,26,-12
25,14,0,1.673,10,-14
26,14,0,1.262,12,-13
27,14,0,1.722,24,-15
28,14,0,1.814,32,-15
29,14,0,1.527,36,-15
30,14,0,1.881,36,-18
31,14,0,1.31,12,-18
32,14,1,1.601,20,-9
33,14,1,1.846,16,-8
34,14,0,1.339,12,-20
35,14,0,1.714,22,-19
36,14,1,1.394,36,-9
37,14,1,5.487,26,-6
38,14,1,2.026,30,-5
39,14,1,1.839,36,-7
40,14,0,1.951,18,-10
41,14,1,0.906,30,-9
42,14,0,1.865,30,-12
43,14,1,1.675,14,-8
44,14,0,1.176,20,-19
45,14,0,1.567,28,-14
46,14,0,1.551,16,-17
47,14,1,1.4269999999999998,26,-8
48,14,0,1.3119999999999998,10,-17
49,14,1,1.608,12,-5
50,14,1,1.483,40,-6
51,14,0,1.5490000000000002,36,-13
52,14,0,1.148,10,-9
53,14,0,1.329,34,-18
54,14,0,1.732,30,-15
55,14,1,1.541,18,-9
56,14,0,1.254,26,-20
57,14,0,1.513,36,-20
58,14,0,1.442,22,-15
59,14,1,1.46,38,-8
60,14,0,1.764,28,-16
61,14,0,1.476,34,-12
62,14,1,1.861,28,-15
63,14,0,1.55,24,-17
64,14,0,1.46,28,-11
65,14,0,1.922,16,-9
66,14,0,1.45,22,-13
67,14,1,1.414,40,-11
68,14,1,1.19,28,-8
69,14,0,1.901,36,-16
70,14,0,1.362,20,-10
71,14,0,1.509,10,-18
72,14,1,1.034,40,-9
73,14,1,1.107,32,-7
74,14,1,1.702,40,-16
75,14,0,1.971,30,-17
76,14,1,1.515,24,-5
77,14,1,1.611,16,-7
78,14,0,1.467,22,-18
79,14,0,1.294,26,-19
80,14,0,1.395,24,-20
81,14,1,1.315,34,-6
82,14,0,1.5830000000000002,24,-16
83,14,0,1.774,22,-6
84,14,0,2.046,12,-7
0,14,1,1.177,28,-17
1,14,1,1.4409999999999998,14,-7
2,14,0,1.203,28,-18
3,14,0,1.6269999999999998,16,-11
4,14,1,1.3230000000000002,40,-20
5,14,0,0.955,18,-16
6,14,1,1.265,38,-11
7,14,1,1.484,36,-10
8,14,1,1.545,40,-18
9,14,0,0.964,10,-10
10,14,1,0.953,24,-6
11,14,1,0.857,20,-8
12,14,1,1.275,40,-12
13,14,0,1.169,22,-10
14,14,1,1.554,18,-6
15,14,1,1.228,38,-16
16,14,1,2.057,30,-20
17,14,0,1.939,22,-14
18,14,0,1.092,18,-18
19,14,0,1.332,16,-19
20,14,0,1.508,24,-10
21,14,0,1.642,12,-19
22,14,1,1.357,28,-9
23,14,1,1.45,30,-10
24,14,0,1.607,18,-15
25,14,0,1.811,32,-14
26,14,1,1.489,34,-11
27,14,1,1.578,38,-19
28,14,0,1.7009999999999998,14,-10
29,14,1,1.0659999999999998,34,-8
30,14,1,1.198,30,-11
31,14,1,1.247,32,-13
32,14,0,1.624,18,-11
33,14,1,1.27,30,-7
34,14,0,1.354,18,-13
35,14,0,1.216,14,-19
36,14,0,1.107,12,-11
37,14,0,1.44,10,-13
38,14,0,1.286,22,-16
39,14,0,1.8,12,-16
40,14,0,1.619,38,-17
41,14,1,1.396,40,-14
42,14,1,1.3259999999999998,22,-5
43,14,0,1.423,16,-16
44,14,1,1.267,34,-5
45,14,0,1.211,10,-19
46,14,0,1.222,14,-16
47,14,1,1.073,30,-8
48,14,0,1.43,34,-14
49,14,0,1.4069999999999998,30,-14
50,14,0,1.484,26,-15
51,14,0,1.636,10,-20
52,14,1,1.031,34,-7
53,14,1,1.476,10,-5
54,14,0,0.934,20,-20
55,14,0,1.412,28,-20
56,14,1,1.6230000000000002,36,-5
57,14,1,0.7959999999999999,26,-7
58,14,0,1.329,26,-17
60,14,0,2.002,26,-10
61,14,1,1.74,38,-15
62,14,1,1.957,26,-11
63,14,1,1.181,28,-5
64,14,0,1.3090000000000002,14,-18
65,14,0,1.3730000000000002,22,-12
66,14,0,1.335,34,-15
67,14,1,1.675,38,-13
68,14,0,1.626,10,-8
69,14,0,1.586,12,-9
70,14,1,1.5530000000000002,36,-11
71,14,1,2.177,14,-5
72,14,0,1.506,22,-11
73,14,0,1.361,18,-19
74,14,1,1.809,22,-8
75,14,1,1.67,38,-6
76,14,1,1.413,12,-8
77,14,1,1.5930000000000002,14,-11
78,14,1,1.568,32,-12
79,14,0,1.758,20,-11
80,14,0,1.496,26,-14
81,14,1,1.464,32,-8
82,14,1,1.63,40,-17
83,14,0,1.686,20,-17
84,14,0,1.625,24,-19
0,15,0,2.366,20,-15
1,15,0,1.3119999999999998,18,-12
2,15,0,1.205,10,-15
3,15,0,1.464,34,-16
4,15,1,1.481,18,-5
6,15,0,1.376,32,-17
7,15,1,1.51,16,-5
8,15,1,1.4369999999999998,22,-7
9,15,1,1.521,36,-8
10,15,0,1.246,16,-10
11,15,1,1.473,30,-13
12,15,0,1.521,14,-17
13,15,0,1.886,28,-19
14,15,0,1.662,14,-20
15,15,0,1.578,26,-16
16,15,1,1.6569999999999998,40,-5
17,15,1,1.7819999999999998,28,-12
18,15,0,1.528,20,-16
19,15,1,1.63,26,-5
20,15,0,1.857,32,-20
21,15,0,2.15,18,-17
22,15,1,1.527,20,-6
23,15,0,1.398,20,-18
24,15,1,1.098,40,-7
25,15,1,1.477,36,-6
26,15,0,1.65,16,-20
27,15,1,2.526,40,-15
28,15,0,2.194,10,-6
29,15,0,1.019,12,-15
30,15,0,1.4069999999999998,34,-17
31,15,0,1.651,18,-14
32,15,1,1.723,40,-13
33,15,1,1.903,32,-19
34,15,0,1.608,14,-12
35,15,0,1.971,32,-10
36,15,0,2.187,36,-17
37,15,0,1.575,28,-13
38,15,0,1.473,34,-13
39,15,0,1.775,38,-14
41,15,1,1.09,32,-9
42,15,1,1.6909999999999998,30,-16
43,15,0,1.416,34,-10
44,15,0,1.94,18,-8
45,15,0,1.84,34,-20
46,15,0,1.237,32,-16
47,15,0,1.776,24,-12
48,15,0,1.3230000000000002,38,-12
49,15,0,1.099,38,-10
50,15,1,1.987,24,-7
51,15,0,1.922,16,-13
52,15,0,1.3159999999999998,36,-19
53,15,1,1.662,32,-5
54,15,1,1.7080000000000002,34,-9
55,15,1,1.361,28,-7
56,15,0,1.6880000000000002,24,-13
57,15,1,1.331,38,-5
58,15,1,2.42,22,-9
59,15,0,1.18,10,-11
60,15,0,1.331,12,-14
61,15,0,1.618,34,-19
62,15,1,1.557,38,-7
63,15,1,1.882,30,-6
64,15,0,1.482,26,-18
65,15,0,1.74,14,-6
66,15,0,1.835,16,-12
67,15,0,1.642,22,-20
68,15,0,0.985,12,-17
69,15,0,1.757,10,-7
70,15,0,1.2819999999999998,18,-20
71,15,0,0.909,12,-6
72,15,1,1.298,32,-6
73,15,0,1.722,18,-7
74,15,1,1.858,40,-10
75,15,0,1.636,14,-14
76,15,0,1.229,30,-19
77,15,0,1.078,24,-18
78,15,0,2.167,10,-12
79,15,0,1.6909999999999998,40,-19
80,15,1,2.173,24,-9
81,15,0,1.655,16,-18
82,15,0,1.747,36,-12
83,15,1,2.154,26,-9
84,15,0,2.371,20,-12
85,15,0,1.578,24,-14
0,15,0,2.007,20,-5
1,15,0,1.849,22,-17
2,15,0,1.985,10,-16
3,15,0,1.435,38,-18
4,15,0,1.278,20,-14
5,15,0,1.807,14,-13
6,15,1,1.45,40,-8
8,15,0,1.385,24,-8
9,15,0,1.062,36,-14
10,15,1,1.482,28,-6
11,15,0,1.578,16,-14
12,15,0,1.367,14,-9
13,15,0,1.162,20,-13
14,15,0,1.31,30,-18
15,15,0,1.106,14,-15
16,15,0,1.002,12,-12
17,15,0,1.288,24,-11
18,15,0,1.3219999999999998,12,-10
19,15,0,1.6740000000000002,16,-6
20,15,0,1.117,38,-20
21,15,0,1.514,28,-10
22,15,0,1.409,20,-7
23,15,1,1.529,38,-9
24,15,0,1.057,26,-12
25,15,0,1.568,10,-14
26,15,0,1.067,12,-13
27,15,0,1.248,24,-15
28,15,0,1.179,32,-15
29,15,0,1.211,36,-15
30,15,0,1.4880000000000002,36,-18
31,15,0,1.611,12,-18
32,15,0,2.185,20,-9
33,15,0,1.86,16,-8
34,15,0,2.019,12,-20
35,15,0,1.865,22,-19
36,15,1,1.586,36,-9
37,15,1,1.42,26,-6
38,15,0,2.6060000000000003,30,-5
39,15,1,1.3159999999999998,36,-7
40,15,0,2.483,18,-10
41,15,1,1.596,30,-9
42,15,1,2.444,30,-12
43,15,0,1.721,14,-8
44,15,0,2.092,20,-19
45,15,0,1.268,28,-14
46,15,0,1.29,16,-17
47,15,1,1.841,26,-8
48,15,0,3.333,10,-17
49,15,0,1.2819999999999998,12,-5
50,15,1,1.218,40,-6
51,15,0,1.285,36,-13
52,15,0,1.09,10,-9
53,15,0,1.453,34,-18
54,15,0,2.181,30,-15
55,15,0,1.178,18,-9
56,15,0,1.207,26,-20
57,15,0,1.469,36,-20
58,15,0,1.711,22,-15
59,15,1,1.228,38,-8
60,15,0,1.395,28,-16
61,15,0,1.675,34,-12
62,15,0,1.636,28,-15
63,15,0,0.8759999999999999,24,-17
64,15,0,1.261,28,-11
65,15,0,1.067,16,-9
66,15,0,1.7,22,-13
67,15,1,1.423,40,-11
68,15,1,2.627,28,-8
69,15,0,0.989,36,-16
70,15,0,1.526,20,-10
71,15,0,1.4380000000000002,10,-18
72,15,1,1.34,40,-9
74,15,0,1.599,40,-16
75,15,0,1.3259999999999998,30,-17
76,15,1,1.324,24,-5
77,15,0,1.391,16,-7
78,15,0,1.111,22,-18
79,15,0,1.62,26,-19
80,15,0,1.39,24,-20
81,15,1,1.247,34,-6
82,15,0,1.997,24,-16
83,15,0,1.85,22,-6
84,15,0,1.655,12,-7
0,15,-1,1.938,28,-17
1,15,1,1.933,14,-7
2,15,1,2.974,28,-18
3,15,1,2.853,16,-11
4,15,1,2.638,40,-20
5,15,0,2.0540000000000003,18,-16
6,15,1,2.912,38,-11
7,15,1,2.7260000000000004,36,-10
8,15,1,1.929,40,-18
9,15,1,2.046,10,-10
10,15,1,2.249,24,-6
11,15,1,2.801,20,-8
12,15,1,2.273,40,-12
14,15,1,1.671,18,-6
15,15,1,2.285,38,-16
16,15,1,1.69,30,-20
17,15,1,2.562,22,-14
18,15,1,2.967,18,-18
19,15,0,2.278,16,-19
21,15,0,2.807,12,-19
22,15,1,2.279,28,-9
23,15,1,1.587,30,-10
24,15,0,2.449,18,-15
25,15,1,2.275,32,-14
26,15,1,1.775,34,-11
27,15,1,2.459,38,-19
28,15,0,2.011,14,-10
30,15,1,1.592,30,-11
31,15,1,2.043,32,-13
32,15,0,1.402,18,-11
33,15,1,1.751,30,-7
34,15,0,2.234,18,-13
35,15,0,2.24,14,-19
36,15,0,1.915,12,-11
37,15,0,1.544,10,-13
38,15,0,1.928,22,-16
39,15,0,1.348,12,-16
40,15,1,2.404,38,-17
41,15,1,1.571,40,-14
42,15,1,1.32,22,-5
43,15,0,1.28,16,-16
44,15,1,1.707,34,-5
45,15,0,1.266,10,-19
46,15,0,1.239,14,-16
47,15,1,2.21,30,-8
48,15,1,2.155,34,-14
49,15,0,2.9810000000000003,30,-14
50,15,0,1.3259999999999998,26,-15
51,15,0,1.134,10,-20
52,15,1,1.939,34,-7
53,15,0,1.706,10,-5
54,15,0,1.01,20,-20
55,15,0,1.771,28,-20
56,15,1,2.7880000000000003,36,-5
57,15,1,1.914,26,-7
58,15,0,1.4380000000000002,26,-17
59,15,0,1.254,16,-15
60,15,0,2.411,26,-10
61,15,0,1.47,38,-15
62,15,0,1.359,26,-11
63,15,1,2.094,28,-5
64,15,0,1.494,14,-18
65,15,1,2.515,22,-12
66,15,0,2.547,34,-15
67,15,1,2.483,38,-13
68,15,0,1.165,10,-8
69,15,0,1.943,12,-9
70,15,0,2.372,36,-11
72,15,0,1.643,22,-11
73,15,0,1.807,18,-19
74,15,1,1.96,22,-8
75,15,1,1.984,38,-6
76,15,0,1.416,12,-8
77,15,0,1.212,14,-11
78,15,0,1.47,32,-12
79,15,0,1.604,20,-11
80,15,0,2.063,26,-14
81,15,1,1.596,32,-8
82,15,1,2.544,40,-17
83,15,0,2.176,20,-17
84,15,0,2.125,24,-19
0,16,0,1.155,20,-15
1,16,0,1.098,18,-12
2,16,0,0.963,10,-15
3,16,1,1.206,34,-16
4,16,1,1.35,18,-5
5,16,0,1.557,26,-13
6,16,0,1.106,32,-17
7,16,1,1.157,16,-5
8,16,1,1.386,22,-7
9,16,1,1.294,36,-8
10,16,0,1.484,16,-10
11,16,1,1.284,30,-13
12,16,0,0.975,14,-17
13,16,0,1.067,28,-19
14,16,0,1.356,14,-20
15,16,0,1.663,26,-16
16,16,1,1.035,40,-5
17,16,1,1.717,28,-12
18,16,0,1.396,20,-16
19,16,1,1.246,26,-5
20,16,0,1.436,32,-20
21,16,0,1.012,18,-17
22,16,1,1.096,20,-6
23,16,0,1.284,20,-18
24,16,1,0.871,40,-7
25,16,1,0.917,36,-6
26,16,0,0.983,16,-20
27,16,1,1.328,40,-15
28,16,0,1.144,10,-6
29,16,0,0.944,12,-15
30,16,0,1.412,34,-17
31,16,0,0.989,18,-14
32,16,1,1.592,40,-13
33,16,0,1.511,32,-19
34,16,0,0.949,14,-12
35,16,1,1.169,32,-10
36,16,1,1.1840000000000002,36,-17
37,16,1,1.081,28,-13
38,16,1,1.207,34,-13
39,16,1,1.205,38,-14
40,16,1,0.945,32,-11
41,16,1,1.237,32,-9
42,16,1,1.305,30,-16
43,16,1,1.157,34,-10
44,16,1,1.161,18,-8
45,16,0,1.582,34,-20
46,16,0,1.398,32,-16
47,16,0,1.494,24,-12
48,16,1,0.929,38,-12
49,16,1,1.073,38,-10
50,16,1,1.017,24,-7
51,16,0,1.214,16,-13
52,16,0,1.217,36,-19
53,16,1,1.0490000000000002,32,-5
54,16,1,1.024,34,-9
55,16,1,1.021,28,-7
56,16,0,1.507,24,-13
57,16,1,0.858,38,-5
58,16,0,0.953,22,-9
59,16,0,0.826,10,-11
60,16,0,0.959,12,-14
61,16,1,1.751,34,-19
62,16,1,0.907,38,-7
63,16,1,0.879,30,-6
64,16,0,1.6869999999999998,26,-18
65,16,0,1.327,14,-6
66,16,0,0.967,16,-12
67,16,0,0.951,22,-20
68,16,0,0.831,12,-17
69,16,0,0.8009999999999999,10,-7
70,16,0,0.7440000000000001,18,-20
71,16,0,1.3630000000000002,12,-6
72,16,1,0.935,32,-6
73,16,1,1.019,18,-7
74,16,1,0.7140000000000001,40,-10
75,16,0,1.04,14,-14
76,16,0,1.216,30,-19
77,16,0,0.907,24,-18
78,16,0,0.8640000000000001,10,-12
79,16,0,1.464,40,-19
80,16,1,1.233,24,-9
81,16,0,0.867,16,-18
82,16,1,1.153,36,-12
83,16,1,1.096,26,-9
84,16,0,1.315,20,-12
85,16,0,1.3530000000000002,24,-14
0,16,1,1.811,20,-5
1,16,0,1.656,22,-17
2,16,0,1.394,10,-16
3,16,1,1.48,38,-18
4,16,0,1.704,20,-14
5,16,0,1.179,14,-13
6,16,1,1.105,40,-8
7,16,0,1.849,32,-18
8,16,1,1.345,24,-8
9,16,1,1.872,36,-14
10,16,1,0.945,28,-6
11,16,0,1.354,16,-14
12,16,0,1.3869999999999998,14,-9
13,16,1,1.664,20,-13
14,16,1,1.393,30,-18
15,16,0,1.116,14,-15
16,16,0,1.098,12,-12
17,16,1,1.497,24,-11
18,16,0,0.993,12,-10
19,16,1,0.8759999999999999,16,-6
20,16,1,1.833,38,-20
21,16,1,1.514,28,-10
22,16,1,0.924,20,-7
23,16,1,0.882,38,-9
24,16,0,2.1180000000000003,26,-12
25,16,0,1.365,10,-14
26,16,0,0.986,12,-13
27,16,1,1.413,24,-15
28,16,1,1.443,32,-15
29,16,1,1.77,36,-15
30,16,1,1.493,36,-18
31,16,0,1.258,12,-18
32,16,1,0.984,20,-9
33,16,1,1.89,16,-8
34,16,0,0.96,12,-20
35,16,0,1.471,22,-19
36,16,1,1.271,36,-9
37,16,1,1.116,26,-6
38,16,1,1.156,30,-5
39,16,1,0.868,36,-7
40,16,1,1.495,18,-10
41,16,1,0.8440000000000001,30,-9
42,16,1,1.3430000000000002,30,-12
43,16,0,1.596,14,-8
44,16,0,1.149,20,-19
45,16,0,1.453,28,-14
46,16,0,1.063,16,-17
47,16,1,1.091,26,-8
48,16,0,1.349,10,-17
49,16,1,1.789,12,-5
50,16,1,0.912,40,-6
51,16,1,1.445,36,-13
52,16,0,1.01,10,-9
53,16,1,1.349,34,-18
54,16,1,1.5319999999999998,30,-15
55,16,1,1.664,18,-9
56,16,0,1.56,26,-20
57,16,0,1.574,36,-20
58,16,0,1.91,22,-15
59,16,1,1.118,38,-8
60,16,1,1.453,28,-16
61,16,1,1.233,34,-12
62,16,0,1.391,28,-15
63,16,0,1.133,24,-17
64,16,1,1.35,28,-11
65,16,0,1.6780000000000002,16,-9
66,16,0,1.319,22,-13
67,16,1,0.866,40,-11
68,16,1,1.425,28,-8
69,16,1,1.398,36,-16
70,16,1,1.3259999999999998,20,-10
71,16,0,1.039,10,-18
72,16,1,0.882,40,-9
73,16,1,0.95,32,-7
74,16,1,0.962,40,-16
75,16,1,1.255,30,-17
76,16,1,1.943,24,-5
77,16,1,1.919,16,-7
78,16,0,1.103,22,-18
79,16,0,1.154,26,-19
80,16,0,0.998,24,-20
81,16,1,1.015,34,-6
82,16,0,1.514,24,-16
83,16,1,1.006,22,-6
84,16,0,1.13,12,-7
0,16,1,1.318,28,-17
1,16,1,1.267,14,-7
2,16,0,1.12,28,-18
3,16,0,0.882,16,-11
4,16,1,1.4169999999999998,40,-20
5,16,1,1.236,18,-16
6,16,1,1.163,38,-11
7,16,1,0.929,36,-10
8,16,1,1.3219999999999998,40,-18
9,16,0,0.921,10,-10
10,16,1,1.156,24,-6
11,16,1,1.043,20,-8
12,16,1,1.118,40,-12
13,16,1,1.824,22,-10
14,16,1,1.432,18,-6
15,16,1,0.946,38,-16
16,16,0,1.228,30,-20
17,16,0,1.26,22,-14
18,16,0,1.162,18,-18
19,16,0,0.929,16,-19
20,16,1,1.444,24,-10
21,16,0,0.964,12,-19
22,16,1,1.041,28,-9
23,16,1,0.916,30,-10
24,16,0,1.01,18,-15
25,16,1,1.324,32,-14
26,16,1,1.258,34,-11
27,16,1,1.78,38,-19
28,16,0,0.994,14,-10
29,16,1,1.248,34,-8
30,16,1,1.016,30,-11
31,16,1,1.137,32,-13
32,16,1,0.981,18,-11
33,16,1,1.05,30,-7
34,16,0,1.231,18,-13
35,16,0,1.026,14,-19
36,16,0,1.086,12,-11
37,16,0,1.027,10,-13
38,16,0,1.002,22,-16
39,16,0,0.941,12,-16
40,16,1,1.341,38,-17
41,16,1,0.918,40,-14
42,16,1,1.243,22,-5
43,16,0,0.946,16,-16
44,16,1,0.949,34,-5
45,16,0,0.994,10,-19
46,16,0,0.9,14,-16
47,16,1,0.985,30,-8
48,16,1,1.34,34,-14
49,16,1,1.356,30,-14
50,16,0,1.123,26,-15
51,16,0,1.082,10,-20
52,16,1,1.061,34,-7
53,16,0,1.709,10,-5
54,16,0,1.013,20,-20
55,16,0,0.941,28,-20
56,16,1,0.93,36,-5
57,16,1,0.932,26,-7
58,16,0,1.194,26,-17
59,16,0,0.907,16,-15
60,16,1,1.469,26,-10
61,16,1,1.147,38,-15
62,16,1,1.116,26,-11
63,16,1,1.019,28,-5
64,16,0,1.156,14,-18
65,16,0,1.115,22,-12
66,16,1,1.118,34,-15
67,16,1,1.158,38,-13
68,16,0,0.955,10,-8
69,16,0,1.459,12,-9
70,16,1,1.078,36,-11
71,16,0,1.037,14,-5
72,16,0,1.278,22,-11
73,16,0,1.126,18,-19
74,16,1,1.3,22,-8
75,16,1,0.923,38,-6
76,16,0,1.283,12,-8
77,16,0,0.8859999999999999,14,-11
78,16,1,1.142,32,-12
79,16,0,1.268,20,-11
80,16,0,1.223,26,-14
81,16,1,0.99,32,-8
82,16,1,1.252,40,-17
83,16,0,1.356,20,-17
84,16,0,0.991,24,-19
